PERMIT_NUMBER,PF_NAME,COUNTY_NAME,MONITORING_PERIOD_BEGIN_DATE,MONITORING_PERIOD_END_DATE,OUTFALL_NUMBER,PARAMETER,SAMPLE_VALUE,PERMIT_VALUE,UNIT_OF_MEASURE,STAT_BASE_CODE,NON_COMPLIANCE_DATE,VIOLATION_CONDITION,NON_COMPL_TYPE_DESC,NON_COMPL_CATEGORY_DESC,MUNICIPALITY_NAME
PA0001937,CANONSBURG PLT,Washington,2025-07-01,2025-07-31,001,"Aluminum, Total",0.822,0.75,mg/L,Daily Maximum,2025-07-31,>,Violation of permit condition,Effluent,
PA0001937,CANONSBURG PLT,Washington,2025-07-01,2025-07-31,001,Acrolein,5.0,3.9,ug/L,Average Monthly,2025-07-31,>,Violation of permit condition,Effluent,
PA0001937,CANONSBURG PLT,Washington,2025-07-01,2025-07-31,001,Acrylonitrile,5.0,0.453,ug/L,Average Monthly,2025-07-31,>,Violation of permit condition,Effluent,
PA0001937,CANONSBURG PLT,Washington,2025-07-01,2025-07-31,001,Acrylonitrile,5.0,0.706,ug/L,Daily Maximum,2025-07-31,>,Violation of permit condition,Effluent,
PA0001937,CANONSBURG PLT,Washington,2025-07-01,2025-07-31,001,Oil and Grease,6.4,5.0,mg/L,Average Monthly,2025-07-31,>,Violation of permit condition,Effluent,
PA0001937,CANONSBURG PLT,Washington,2025-07-01,2025-07-31,001,Oil and Grease,10.2,10.0,mg/L,Daily Maximum,2025-07-31,>,Violation of permit condition,Effluent,
PA0001937,CANONSBURG PLT,Washington,2025-07-01,2025-07-31,001,Trichloroethylene,7.63,5.0,ug/L,Average Monthly,2025-07-31,>,Violation of permit condition,Effluent,
PA0001937,CANONSBURG PLT,Washington,2025-07-01,2025-07-31,001,Vinyl Chloride,5.47,0.5,ug/L,Average Monthly,2025-07-31,>,Violation of permit condition,Effluent,
PA0001937,CANONSBURG PLT,Washington,2025-07-01,2025-07-31,001,Vinyl Chloride,6.78,0.5,ug/L,Daily Maximum,2025-07-31,>,Violation of permit condition,Effluent,
PA0001937,CANONSBURG PLT,Washington,2025-07-01,2025-07-31,001,"Copper, Total",19.4,18.2,ug/L,Average Monthly,2025-07-31,>,Violation of permit condition,Effluent,
PA0001937,CANONSBURG PLT,Washington,2025-08-01,2025-08-31,001,Oil and Grease,5.2,5.0,mg/L,Average Monthly,2025-08-31,>,Violation of permit condition,Effluent,
PA0001937,CANONSBURG PLT,Washington,2025-08-01,2025-08-31,001,Acrolein,5.0,3.9,ug/L,Average Monthly,2025-08-31,>,Violation of permit condition,Effluent,
PA0001937,CANONSBURG PLT,Washington,2025-08-01,2025-08-31,001,Acrylonitrile,5.0,0.453,ug/L,Average Monthly,2025-08-31,>,Violation of permit condition,Effluent,
PA0001937,CANONSBURG PLT,Washington,2025-08-01,2025-08-31,001,Acrylonitrile,5.0,0.706,ug/L,Daily Maximum,2025-08-31,>,Violation of permit condition,Effluent,
PA0001937,CANONSBURG PLT,Washington,2025-08-01,2025-08-31,001,Oil and Grease,12.4,5.0,mg/L,Average Monthly,2025-08-31,>,Violation of permit condition,Effluent,
PA0001937,CANONSBURG PLT,Washington,2025-08-01,2025-08-31,001,Oil and Grease,17.8,10.0,mg/L,Daily Maximum,2025-08-31,>,Violation of permit condition,Effluent,
PA0001937,CANONSBURG PLT,Washington,2025-08-01,2025-08-31,001,Trichloroethylene,5.68,5.0,ug/L,Average Monthly,2025-08-31,>,Violation of permit condition,Effluent,
PA0001937,CANONSBURG PLT,Washington,2025-08-01,2025-08-31,001,Vinyl Chloride,5.03,0.5,ug/L,Average Monthly,2025-08-31,>,Violation of permit condition,Effluent,
PA0001937,CANONSBURG PLT,Washington,2025-08-01,2025-08-31,001,Vinyl Chloride,8.29,0.5,ug/L,Daily Maximum,2025-08-31,>,Violation of permit condition,Effluent,
PA0001937,CANONSBURG PLT,Washington,2025-09-01,2025-09-30,001,Oil and Grease,5.1,5.0,mg/L,Average Monthly,2025-09-30,>,Violation of permit condition,Effluent,
PA0001937,CANONSBURG PLT,Washington,2025-09-01,2025-09-30,001,PCB-1260,0.28,0.25,ug/L,Daily Maximum,2025-09-30,>,Violation of permit condition,Effluent,
PA0001937,CANONSBURG PLT,Washington,2025-09-01,2025-09-30,001,Acrolein,5.0,3.9,ug/L,Average Monthly,2025-09-30,>,Violation of permit condition,Effluent,
PA0001937,CANONSBURG PLT,Washington,2025-09-01,2025-09-30,001,Acrylonitrile,5.0,0.453,ug/L,Average Monthly,2025-09-30,>,Violation of permit condition,Effluent,
PA0001937,CANONSBURG PLT,Washington,2025-09-01,2025-09-30,001,Acrylonitrile,5.0,0.706,ug/L,Daily Maximum,2025-09-30,>,Violation of permit condition,Effluent,
PA0001937,CANONSBURG PLT,Washington,2025-09-01,2025-09-30,001,Bis(2-Ethylhexyl)Phthalate,13.1,10.6,ug/L,Average Monthly,2025-09-30,>,Violation of permit condition,Effluent,
PA0001937,CANONSBURG PLT,Washington,2025-09-01,2025-09-30,001,Bis(2-Ethylhexyl)Phthalate,29.3,16.6,ug/L,Daily Maximum,2025-09-30,>,Violation of permit condition,Effluent,
PA0001937,CANONSBURG PLT,Washington,2025-09-01,2025-09-30,001,Oil and Grease,12.1,5.0,mg/L,Average Monthly,2025-09-30,>,Violation of permit condition,Effluent,
PA0001937,CANONSBURG PLT,Washington,2025-09-01,2025-09-30,001,Oil and Grease,16.3,10.0,mg/L,Daily Maximum,2025-09-30,>,Violation of permit condition,Effluent,
PA0001937,CANONSBURG PLT,Washington,2025-09-01,2025-09-30,001,Vinyl Chloride,3.91,0.5,ug/L,Average Monthly,2025-09-30,>,Violation of permit condition,Effluent,
PA0001937,CANONSBURG PLT,Washington,2025-09-01,2025-09-30,001,Vinyl Chloride,6.35,0.5,ug/L,Daily Maximum,2025-09-30,>,Violation of permit condition,Effluent,
PA0001937,CANONSBURG PLT,Washington,2025-09-01,2025-09-30,001,PCB-1260,0.608,0.25,ug/L,Average Monthly,2025-09-30,>,Violation of permit condition,Effluent,
PA0001937,CANONSBURG PLT,Washington,2025-09-01,2025-09-30,001,PCB-1260,0.685,0.25,ug/L,Daily Maximum,2025-09-30,>,Violation of permit condition,Effluent,
PA0001937,CANONSBURG PLT,Washington,2025-10-01,2025-10-31,001,PCB-1260,0.33,0.25,ug/L,Daily Maximum,2025-10-31,>,Violation of permit condition,Effluent,
PA0001937,CANONSBURG PLT,Washington,2025-10-01,2025-10-31,001,"Lead, Total",8.99,6.86,ug/L,Average Monthly,2025-10-31,>,Violation of permit condition,Effluent,
PA0001937,CANONSBURG PLT,Washington,2025-10-01,2025-10-31,001,"Lead, Total",13.0,10.7,ug/L,Daily Maximum,2025-10-31,>,Violation of permit condition,Effluent,
PA0001937,CANONSBURG PLT,Washington,2025-10-01,2025-10-31,001,Acrolein,5.0,3.9,ug/L,Average Monthly,2025-10-31,>,Violation of permit condition,Effluent,
PA0001937,CANONSBURG PLT,Washington,2025-10-01,2025-10-31,001,Acrylonitrile,5.0,0.453,ug/L,Average Monthly,2025-10-31,>,Violation of permit condition,Effluent,
PA0001937,CANONSBURG PLT,Washington,2025-10-01,2025-10-31,001,Acrylonitrile,5.0,0.706,ug/L,Daily Maximum,2025-10-31,>,Violation of permit condition,Effluent,
PA0001937,CANONSBURG PLT,Washington,2025-10-01,2025-10-31,001,Oil and Grease,5.2,5.0,mg/L,Average Monthly,2025-10-31,>,Violation of permit condition,Effluent,
PA0001937,CANONSBURG PLT,Washington,2025-10-01,2025-10-31,001,Vinyl Chloride,1.51,0.5,ug/L,Average Monthly,2025-10-31,>,Violation of permit condition,Effluent,
PA0001937,CANONSBURG PLT,Washington,2025-10-01,2025-10-31,001,Vinyl Chloride,2.84,0.5,ug/L,Daily Maximum,2025-10-31,>,Violation of permit condition,Effluent,
PA0001937,CANONSBURG PLT,Washington,2025-11-01,2025-11-30,001,Acrolein,5.0,3.9,ug/L,Average Monthly,2025-11-30,>,Violation of permit condition,Effluent,
PA0001937,CANONSBURG PLT,Washington,2025-11-01,2025-11-30,001,Acrylonitrile,5.0,0.453,ug/L,Average Monthly,2025-11-30,>,Violation of permit condition,Effluent,
PA0001937,CANONSBURG PLT,Washington,2025-11-01,2025-11-30,001,Acrylonitrile,5.0,0.706,ug/L,Daily Maximum,2025-11-30,>,Violation of permit condition,Effluent,
PA0001937,CANONSBURG PLT,Washington,2025-11-01,2025-11-30,001,Oil and Grease,6.6,5.0,mg/L,Average Monthly,2025-11-30,>,Violation of permit condition,Effluent,
PA0001937,CANONSBURG PLT,Washington,2025-11-01,2025-11-30,001,Oil and Grease,10.3,10.0,mg/L,Daily Maximum,2025-11-30,>,Violation of permit condition,Effluent,
PA0001937,CANONSBURG PLT,Washington,2025-11-01,2025-11-30,001,Vinyl Chloride,0.735,0.5,ug/L,Average Monthly,2025-11-30,>,Violation of permit condition,Effluent,
PA0001937,CANONSBURG PLT,Washington,2025-11-01,2025-11-30,001,Vinyl Chloride,1.21,0.5,ug/L,Daily Maximum,2025-11-30,>,Violation of permit condition,Effluent,
PA0001937,CANONSBURG PLT,Washington,2025-12-01,2025-12-31,001,"Chromium, Hexavalent",45.0,21.2,ug/L,Average Monthly,2025-12-31,>,Violation of permit condition,Effluent,
PA0001937,CANONSBURG PLT,Washington,2025-12-01,2025-12-31,001,"Chromium, Hexavalent",75.0,33.0,ug/L,Daily Maximum,2025-12-31,>,Violation of permit condition,Effluent,
PA0001937,CANONSBURG PLT,Washington,2025-12-01,2025-12-31,001,"Lead, Total",10.7,6.86,ug/L,Average Monthly,2025-12-31,>,Violation of permit condition,Effluent,
PA0001937,CANONSBURG PLT,Washington,2025-12-01,2025-12-31,001,"Lead, Total",20.3,10.7,ug/L,Daily Maximum,2025-12-31,>,Violation of permit condition,Effluent,
PA0001937,CANONSBURG PLT,Washington,2025-12-01,2025-12-31,001,"Aluminum, Total",1.13,0.75,mg/L,Daily Maximum,2025-12-31,>,Violation of permit condition,Effluent,
PA0001937,CANONSBURG PLT,Washington,2025-12-01,2025-12-31,001,Acrolein,5.0,3.9,ug/L,Average Monthly,2025-12-31,>,Violation of permit condition,Effluent,
PA0001937,CANONSBURG PLT,Washington,2025-12-01,2025-12-31,001,Acrylonitrile,5.0,0.453,ug/L,Average Monthly,2025-12-31,>,Violation of permit condition,Effluent,
PA0001937,CANONSBURG PLT,Washington,2025-12-01,2025-12-31,001,Acrylonitrile,5.0,0.706,ug/L,Daily Maximum,2025-12-31,>,Violation of permit condition,Effluent,
PA0001937,CANONSBURG PLT,Washington,2025-12-01,2025-12-31,001,Vinyl Chloride,1.8,0.5,ug/L,Average Monthly,2025-12-31,>,Violation of permit condition,Effluent,
PA0001937,CANONSBURG PLT,Washington,2025-12-01,2025-12-31,001,Vinyl Chloride,3.15,0.5,ug/L,Daily Maximum,2025-12-31,>,Violation of permit condition,Effluent,
PA0024058,KENNETT SQUARE BORO WWTP,Chester,2025-08-01,2025-08-31,001,Fecal Coliform,2991.0,1000.0,CFU/100 ml,Instantaneous Maximum,2025-08-31,>,Violation of permit condition,Effluent,
PA0024058,KENNETT SQUARE BORO WWTP,Chester,2025-08-01,2025-08-31,001,Total Phosphorus,1.5,1.3,mg/L,Average Monthly,2025-08-31,>,Violation of permit condition,Effluent,
PA0024058,KENNETT SQUARE BORO WWTP,Chester,2025-09-01,2025-09-30,001,Total Nitrogen,112.54,91.8,lbs/day,Average Monthly,2025-09-30,>,Violation of permit condition,Effluent,
PA0024058,KENNETT SQUARE BORO WWTP,Chester,2025-09-01,2025-09-30,001,Total Nitrogen,25.25,10.0,mg/L,Average Monthly,2025-09-30,>,Violation of permit condition,Effluent,
PA0024058,KENNETT SQUARE BORO WWTP,Chester,2025-09-01,2025-09-30,001,Total Nitrogen,25.25,20.0,mg/L,Daily Maximum,2025-09-30,>,Violation of permit condition,Effluent,
PA0024058,KENNETT SQUARE BORO WWTP,Chester,2025-10-01,2025-10-31,001,Fecal Coliform,940.8,200.0,CFU/100 ml,Geometric Mean,2025-10-31,>,Violation of permit condition,Effluent,
PA0024058,KENNETT SQUARE BORO WWTP,Chester,2025-10-01,2025-10-31,001,Fecal Coliform,68670.0,1000.0,CFU/100 ml,Instantaneous Maximum,2025-10-31,>,Violation of permit condition,Effluent,
PA0024058,KENNETT SQUARE BORO WWTP,Chester,2025-10-01,2025-10-31,001,Total Nitrogen,37.16,10.0,mg/L,Average Monthly,2025-10-31,>,Violation of permit condition,Effluent,
PA0024058,KENNETT SQUARE BORO WWTP,Chester,2025-10-01,2025-10-31,001,Total Nitrogen,161.65,91.8,lbs/day,Average Monthly,2025-10-31,>,Violation of permit condition,Effluent,
PA0024058,KENNETT SQUARE BORO WWTP,Chester,2025-10-01,2025-10-31,001,Total Nitrogen,37.16,20.0,mg/L,Daily Maximum,2025-10-31,>,Violation of permit condition,Effluent,
PA0024058,KENNETT SQUARE BORO WWTP,Chester,2025-10-01,2025-10-31,001,Total Suspended Solids,6150.11,275.0,lbs/day,Average Monthly,2025-10-31,>,Violation of permit condition,Effluent,
PA0024058,KENNETT SQUARE BORO WWTP,Chester,2025-10-01,2025-10-31,001,Total Suspended Solids,1413.56,30.0,mg/L,Average Monthly,2025-10-31,>,Violation of permit condition,Effluent,
PA0024058,KENNETT SQUARE BORO WWTP,Chester,2025-10-01,2025-10-31,001,Total Suspended Solids,6150.11,412.0,lbs/day,Weekly Average,2025-10-31,>,Violation of permit condition,Effluent,
PA0024058,KENNETT SQUARE BORO WWTP,Chester,2025-10-01,2025-10-31,001,Total Suspended Solids,1413.56,45.0,mg/L,Weekly Average,2025-10-31,>,Violation of permit condition,Effluent,
PA0024058,KENNETT SQUARE BORO WWTP,Chester,2025-11-01,2025-11-30,001,"Zinc, Total",1.3,1.2,lbs/day,Average Monthly,2025-11-30,>,Violation of permit condition,Effluent,
PA0024058,KENNETT SQUARE BORO WWTP,Chester,2025-11-01,2025-11-30,001,"Zinc, Total",0.277,0.131,mg/L,Average Monthly,2025-11-30,>,Violation of permit condition,Effluent,
PA0024058,KENNETT SQUARE BORO WWTP,Chester,2025-11-01,2025-11-30,001,"Zinc, Total",2.38,1.87,lbs/day,Daily Maximum,2025-11-30,>,Violation of permit condition,Effluent,
PA0024058,KENNETT SQUARE BORO WWTP,Chester,2025-11-01,2025-11-30,001,"Zinc, Total",0.5,0.204,mg/L,Daily Maximum,2025-11-30,>,Violation of permit condition,Effluent,
PA0024058,KENNETT SQUARE BORO WWTP,Chester,2025-12-01,2025-12-31,001,"Copper, Total",0.0325,0.0153,mg/L,Average Monthly,2025-12-31,>,Violation of permit condition,Effluent,
PA0024058,KENNETT SQUARE BORO WWTP,Chester,2025-12-01,2025-12-31,001,"Copper, Total",0.17,0.14,lbs/day,Average Monthly,2025-12-31,>,Violation of permit condition,Effluent,
PA0024058,KENNETT SQUARE BORO WWTP,Chester,2025-12-01,2025-12-31,001,"Copper, Total",0.0325,0.0239,mg/L,Daily Maximum,2025-12-31,>,Violation of permit condition,Effluent,
PA0024058,KENNETT SQUARE BORO WWTP,Chester,2025-12-01,2025-12-31,001,Total Nitrogen,14.85,10.0,mg/L,Average Monthly,2025-12-31,>,Violation of permit condition,Effluent,
PA0026212,WASHINGTON E WASHINGTON STP,Washington,2025-07-01,2025-07-31,001,Chlorodibromomethane,10.0,0.748,ug/L,Average Monthly,2025-07-31,>,Violation of permit condition,Effluent,
PA0026212,WASHINGTON E WASHINGTON STP,Washington,2025-07-01,2025-07-31,001,Chlorodibromomethane,14.0,1.167,ug/L,Daily Maximum,2025-07-31,>,Violation of permit condition,Effluent,
PA0026212,WASHINGTON E WASHINGTON STP,Washington,2025-07-01,2025-07-31,001,Dichlorobromomethane,5.0,1.028,ug/L,Average Monthly,2025-07-31,>,Violation of permit condition,Effluent,
PA0026212,WASHINGTON E WASHINGTON STP,Washington,2025-07-01,2025-07-31,001,Dichlorobromomethane,7.54,1.604,ug/L,Daily Maximum,2025-07-31,>,Violation of permit condition,Effluent,
PA0026212,WASHINGTON E WASHINGTON STP,Washington,2025-07-01,2025-07-31,001,"Dinitrotoluene, Total",0.1,0.093,ug/L,Average Monthly,2025-07-31,>,Violation of permit condition,Effluent,
PA0026212,WASHINGTON E WASHINGTON STP,Washington,2025-07-01,2025-07-31,001,Fecal Coliform,1830.0,1000.0,No./100 ml,Instantaneous Maximum,2025-07-31,>,Violation of permit condition,Effluent,
PA0026212,WASHINGTON E WASHINGTON STP,Washington,2025-08-01,2025-08-31,001,Chlorodibromomethane,10.0,0.748,ug/L,Average Monthly,2025-08-31,>,Violation of permit condition,Effluent,
PA0026212,WASHINGTON E WASHINGTON STP,Washington,2025-08-01,2025-08-31,001,Chlorodibromomethane,17.0,1.167,ug/L,Daily Maximum,2025-08-31,>,Violation of permit condition,Effluent,
PA0026212,WASHINGTON E WASHINGTON STP,Washington,2025-08-01,2025-08-31,001,Chloroform,20.0,10.658,ug/L,Average Monthly,2025-08-31,>,Violation of permit condition,Effluent,
PA0026212,WASHINGTON E WASHINGTON STP,Washington,2025-08-01,2025-08-31,001,Chloroform,18.2,16.628,ug/L,Daily Maximum,2025-08-31,>,Violation of permit condition,Effluent,
PA0026212,WASHINGTON E WASHINGTON STP,Washington,2025-08-01,2025-08-31,001,Dichlorobromomethane,6.0,1.028,ug/L,Average Monthly,2025-08-31,>,Violation of permit condition,Effluent,
PA0026212,WASHINGTON E WASHINGTON STP,Washington,2025-08-01,2025-08-31,001,Dichlorobromomethane,7.74,1.604,ug/L,Daily Maximum,2025-08-31,>,Violation of permit condition,Effluent,
PA0026212,WASHINGTON E WASHINGTON STP,Washington,2025-08-01,2025-08-31,001,"Dinitrotoluene, Total",0.1,0.093,ug/L,Average Monthly,2025-08-31,>,Violation of permit condition,Effluent,
PA0026212,WASHINGTON E WASHINGTON STP,Washington,2025-09-01,2025-09-30,001,Chlorodibromomethane,9.0,0.748,ug/L,Average Monthly,2025-09-30,>,Violation of permit condition,Effluent,
PA0026212,WASHINGTON E WASHINGTON STP,Washington,2025-09-01,2025-09-30,001,Chlorodibromomethane,14.6,1.167,ug/L,Daily Maximum,2025-09-30,>,Violation of permit condition,Effluent,
PA0026212,WASHINGTON E WASHINGTON STP,Washington,2025-09-01,2025-09-30,001,Dichlorobromomethane,5.0,1.028,ug/L,Average Monthly,2025-09-30,>,Violation of permit condition,Effluent,
PA0026212,WASHINGTON E WASHINGTON STP,Washington,2025-09-01,2025-09-30,001,Dichlorobromomethane,7.28,1.604,ug/L,Daily Maximum,2025-09-30,>,Violation of permit condition,Effluent,
PA0026212,WASHINGTON E WASHINGTON STP,Washington,2025-09-01,2025-09-30,001,"Dinitrotoluene, Total",0.1,0.093,ug/L,Average Monthly,2025-09-30,>,Violation of permit condition,Effluent,
PA0026212,WASHINGTON E WASHINGTON STP,Washington,2025-09-01,2025-09-30,001,Fecal Coliform,5600.0,1000.0,No./100 ml,Instantaneous Maximum,2025-09-30,>,Violation of permit condition,Effluent,
PA0026212,WASHINGTON E WASHINGTON STP,Washington,2025-10-01,2025-10-31,001,Chlorodibromomethane,10.0,0.748,ug/L,Average Monthly,2025-10-31,>,Violation of permit condition,Effluent,
PA0026212,WASHINGTON E WASHINGTON STP,Washington,2025-10-01,2025-10-31,001,Chlorodibromomethane,16.5,1.167,ug/L,Daily Maximum,2025-10-31,>,Violation of permit condition,Effluent,
PA0026212,WASHINGTON E WASHINGTON STP,Washington,2025-10-01,2025-10-31,001,Dichlorobromomethane,7.0,1.028,ug/L,Average Monthly,2025-10-31,>,Violation of permit condition,Effluent,
PA0026212,WASHINGTON E WASHINGTON STP,Washington,2025-10-01,2025-10-31,001,Dichlorobromomethane,10.1,1.604,ug/L,Daily Maximum,2025-10-31,>,Violation of permit condition,Effluent,
PA0026212,WASHINGTON E WASHINGTON STP,Washington,2025-10-01,2025-10-31,001,"Dinitrotoluene, Total",0.7,0.093,ug/L,Average Monthly,2025-10-31,>,Violation of permit condition,Effluent,
PA0026212,WASHINGTON E WASHINGTON STP,Washington,2025-10-01,2025-10-31,001,"Dinitrotoluene, Total",2.37,0.146,ug/L,Daily Maximum,2025-10-31,>,Violation of permit condition,Effluent,
PA0026212,WASHINGTON E WASHINGTON STP,Washington,2025-11-01,2025-11-30,001,Chlorodibromomethane,4.0,0.748,ug/L,Average Monthly,2025-11-30,>,Violation of permit condition,Effluent,
PA0026212,WASHINGTON E WASHINGTON STP,Washington,2025-11-01,2025-11-30,001,Chlorodibromomethane,7.56,1.167,ug/L,Daily Maximum,2025-11-30,>,Violation of permit condition,Effluent,
PA0026212,WASHINGTON E WASHINGTON STP,Washington,2025-11-01,2025-11-30,001,Dichlorobromomethane,9.0,1.028,ug/L,Average Monthly,2025-11-30,>,Violation of permit condition,Effluent,
PA0026212,WASHINGTON E WASHINGTON STP,Washington,2025-11-01,2025-11-30,001,Dichlorobromomethane,15.3,1.604,ug/L,Daily Maximum,2025-11-30,>,Violation of permit condition,Effluent,
PA0026212,WASHINGTON E WASHINGTON STP,Washington,2025-11-01,2025-11-30,001,"Dinitrotoluene, Total",0.1,0.093,ug/L,Average Monthly,2025-11-30,>,Violation of permit condition,Effluent,
PA0026212,WASHINGTON E WASHINGTON STP,Washington,2025-12-01,2025-12-31,001,Chlorodibromomethane,3.0,0.748,ug/L,Average Monthly,2025-12-31,>,Violation of permit condition,Effluent,
PA0026212,WASHINGTON E WASHINGTON STP,Washington,2025-12-01,2025-12-31,001,Chlorodibromomethane,4.81,1.167,ug/L,Daily Maximum,2025-12-31,>,Violation of permit condition,Effluent,
PA0026212,WASHINGTON E WASHINGTON STP,Washington,2025-12-01,2025-12-31,001,"Cyanide, Free",6.0,5.829,ug/L,Average Monthly,2025-12-31,>,Violation of permit condition,Effluent,
PA0026212,WASHINGTON E WASHINGTON STP,Washington,2025-12-01,2025-12-31,001,Dichlorobromomethane,7.0,1.028,ug/L,Average Monthly,2025-12-31,>,Violation of permit condition,Effluent,
PA0026212,WASHINGTON E WASHINGTON STP,Washington,2025-12-01,2025-12-31,001,Dichlorobromomethane,9.27,1.604,ug/L,Daily Maximum,2025-12-31,>,Violation of permit condition,Effluent,
PA0026212,WASHINGTON E WASHINGTON STP,Washington,2025-12-01,2025-12-31,001,"Dinitrotoluene, Total",0.1,0.093,ug/L,Average Monthly,2025-12-31,>,Violation of permit condition,Effluent,
PA0029220,SNYDERSVILLE DINER,Monroe,2025-08-01,2025-08-31,001,Total Residual Chlorine (TRC),1.4,1.2,mg/L,Average Monthly,2025-08-31,>,Violation of permit condition,Effluent,
PA0029220,SNYDERSVILLE DINER,Monroe,2025-08-01,2025-08-31,001,Total Residual Chlorine (TRC),3.17,2.8,mg/L,Instantaneous Maximum,2025-08-31,>,Violation of permit condition,Effluent,
PA0042048,CONYNGHAM BORO AUTH WWTP,Luzerne,2025-07-01,2025-07-31,001,Fecal Coliform,848.8,200.0,No./100 ml,Geometric Mean,2025-07-31,>,Violation of permit condition,Effluent,
PA0042048,CONYNGHAM BORO AUTH WWTP,Luzerne,2025-07-01,2025-07-31,001,Fecal Coliform,3255.0,1000.0,No./100 ml,Instantaneous Maximum,2025-07-31,>,Violation of permit condition,Effluent,
PA0042048,CONYNGHAM BORO AUTH WWTP,Luzerne,2025-08-01,2025-08-31,001,Fecal Coliform,801.0,200.0,No./100 ml,Geometric Mean,2025-08-31,>,Violation of permit condition,Effluent,
PA0042048,CONYNGHAM BORO AUTH WWTP,Luzerne,2025-08-01,2025-08-31,001,Fecal Coliform,7270.0,1000.0,No./100 ml,Instantaneous Maximum,2025-08-31,>,Violation of permit condition,Effluent,
PA0042048,CONYNGHAM BORO AUTH WWTP,Luzerne,2025-09-01,2025-09-30,001,Fecal Coliform,221.0,200.0,No./100 ml,Geometric Mean,2025-09-30,>,Violation of permit condition,Effluent,
PA0042048,CONYNGHAM BORO AUTH WWTP,Luzerne,2025-09-01,2025-09-30,001,Fecal Coliform,2909.0,1000.0,No./100 ml,Instantaneous Maximum,2025-09-30,>,Violation of permit condition,Effluent,
PA0042048,CONYNGHAM BORO AUTH WWTP,Luzerne,2025-10-01,2025-10-31,001,Fecal Coliform,17329.0,10000.0,No./100 ml,Instantaneous Maximum,2025-10-31,>,Violation of permit condition,Effluent,
PA0042048,CONYNGHAM BORO AUTH WWTP,Luzerne,2025-11-01,2025-11-30,001,Fecal Coliform,24196.0,10000.0,No./100 ml,Instantaneous Maximum,2025-11-30,>,Violation of permit condition,Effluent,
PA0046019,FLYING J TRAVEL PLAZA NO 620,Westmoreland,2025-07-01,2025-07-31,001,Total Nitrogen,16.7,5.0,mg/L,Average Monthly,2025-07-31,>,Violation of permit condition,Effluent,
PA0046019,FLYING J TRAVEL PLAZA NO 620,Westmoreland,2025-07-01,2025-07-31,001,Total Nitrogen,18.2,10.0,mg/L,Instantaneous Maximum,2025-07-31,>,Violation of permit condition,Effluent,
PA0046019,FLYING J TRAVEL PLAZA NO 620,Westmoreland,2025-08-01,2025-08-31,001,Total Nitrogen,6.0,5.0,mg/L,Average Monthly,2025-08-31,>,Violation of permit condition,Effluent,
PA0046019,FLYING J TRAVEL PLAZA NO 620,Westmoreland,2025-11-01,2025-11-30,001,Ammonia-Nitrogen,17.4,3.17,mg/L,Average Monthly,2025-11-30,>,Violation of permit condition,Effluent,
PA0046019,FLYING J TRAVEL PLAZA NO 620,Westmoreland,2025-11-01,2025-11-30,001,Ammonia-Nitrogen,27.8,6.34,mg/L,Instantaneous Maximum,2025-11-30,>,Violation of permit condition,Effluent,
PA0046019,FLYING J TRAVEL PLAZA NO 620,Westmoreland,2025-11-01,2025-11-30,001,Total Nitrogen,18.3,5.0,mg/L,Average Monthly,2025-11-30,>,Violation of permit condition,Effluent,
PA0046019,FLYING J TRAVEL PLAZA NO 620,Westmoreland,2025-11-01,2025-11-30,001,Total Nitrogen,23.1,10.0,mg/L,Instantaneous Maximum,2025-11-30,>,Violation of permit condition,Effluent,
PA0046019,FLYING J TRAVEL PLAZA NO 620,Westmoreland,2025-12-01,2025-12-31,001,Total Nitrogen,7.04,5.0,mg/L,Average Monthly,2025-12-31,>,Violation of permit condition,Effluent,
PA0052728,TURKEY HILL MINIT MARKET STP,Chester,2025-07-01,2025-07-31,001,Carbonaceous Biochemical Oxygen Demand (CBOD5),77.4,25.0,mg/L,Average Monthly,2025-07-31,>,Violation of permit condition,Effluent,
PA0052728,TURKEY HILL MINIT MARKET STP,Chester,2025-07-01,2025-07-31,001,Dissolved Oxygen,1.94,6.0,mg/L,Instantaneous Minimum,2025-07-31,<,Violation of permit condition,Effluent,
PA0052728,TURKEY HILL MINIT MARKET STP,Chester,2025-07-01,2025-07-31,001,pH,9.48,9.0,S.U.,Instantaneous Maximum,2025-07-31,>,Violation of permit condition,Effluent,
PA0052728,TURKEY HILL MINIT MARKET STP,Chester,2025-07-01,2025-07-31,001,Total Phosphorus,14.8,10.0,mg/L,Average Monthly,2025-07-31,>,Violation of permit condition,Effluent,
PA0052728,TURKEY HILL MINIT MARKET STP,Chester,2025-08-01,2025-08-31,001,Ammonia-Nitrogen,41.3,10.0,mg/L,Average Monthly,2025-08-31,>,Violation of permit condition,Effluent,
PA0052728,TURKEY HILL MINIT MARKET STP,Chester,2025-08-01,2025-08-31,001,Carbonaceous Biochemical Oxygen Demand (CBOD5),64.0,25.0,mg/L,Average Monthly,2025-08-31,>,Violation of permit condition,Effluent,
PA0052728,TURKEY HILL MINIT MARKET STP,Chester,2025-08-01,2025-08-31,001,Dissolved Oxygen,4.06,6.0,mg/L,Instantaneous Minimum,2025-08-31,<,Violation of permit condition,Effluent,
PA0052728,TURKEY HILL MINIT MARKET STP,Chester,2025-08-01,2025-08-31,001,Total Nitrogen,65.8,40.0,mg/L,Average Monthly,2025-08-31,>,Violation of permit condition,Effluent,
PA0052728,TURKEY HILL MINIT MARKET STP,Chester,2025-09-01,2025-09-30,001,Carbonaceous Biochemical Oxygen Demand (CBOD5),33.8,25.0,mg/L,Average Monthly,2025-09-30,>,Violation of permit condition,Effluent,
PA0052728,TURKEY HILL MINIT MARKET STP,Chester,2025-09-01,2025-09-30,001,Dissolved Oxygen,4.56,6.0,mg/L,Instantaneous Minimum,2025-09-30,<,Violation of permit condition,Effluent,
PA0052728,TURKEY HILL MINIT MARKET STP,Chester,2025-09-01,2025-09-30,001,Fecal Coliform,20000.0,200.0,No./100 ml,Geometric Mean,2025-09-30,>,Violation of permit condition,Effluent,
PA0052728,TURKEY HILL MINIT MARKET STP,Chester,2025-09-01,2025-09-30,001,Fecal Coliform,20000.0,1000.0,No./100 ml,Instantaneous Maximum,2025-09-30,>,Violation of permit condition,Effluent,
PA0052728,TURKEY HILL MINIT MARKET STP,Chester,2025-09-01,2025-09-30,001,Total Phosphorus,10.9,10.0,mg/L,Average Monthly,2025-09-30,>,Violation of permit condition,Effluent,
PA0052728,TURKEY HILL MINIT MARKET STP,Chester,2025-10-01,2025-10-31,001,Ammonia-Nitrogen,34.1,10.0,mg/L,Average Monthly,2025-10-31,>,Violation of permit condition,Effluent,
PA0052728,TURKEY HILL MINIT MARKET STP,Chester,2025-10-01,2025-10-31,001,Carbonaceous Biochemical Oxygen Demand (CBOD5),94.2,25.0,mg/L,Average Monthly,2025-10-31,>,Violation of permit condition,Effluent,
PA0052728,TURKEY HILL MINIT MARKET STP,Chester,2025-10-01,2025-10-31,001,Dissolved Oxygen,5.55,6.0,mg/L,Instantaneous Minimum,2025-10-31,<,Violation of permit condition,Effluent,
PA0052728,TURKEY HILL MINIT MARKET STP,Chester,2025-10-01,2025-10-31,001,Fecal Coliform,8200.0,200.0,No./100 ml,Geometric Mean,2025-10-31,>,Violation of permit condition,Effluent,
PA0052728,TURKEY HILL MINIT MARKET STP,Chester,2025-10-01,2025-10-31,001,Fecal Coliform,8200.0,1000.0,No./100 ml,Instantaneous Maximum,2025-10-31,>,Violation of permit condition,Effluent,
PA0052728,TURKEY HILL MINIT MARKET STP,Chester,2025-10-01,2025-10-31,001,Total Nitrogen,58.9,40.0,mg/L,Average Monthly,2025-10-31,>,Violation of permit condition,Effluent,
PA0052728,TURKEY HILL MINIT MARKET STP,Chester,2025-11-01,2025-11-30,001,Ammonia-Nitrogen,21.1,10.0,mg/L,Average Monthly,2025-11-30,>,Violation of permit condition,Effluent,
PA0052728,TURKEY HILL MINIT MARKET STP,Chester,2025-11-01,2025-11-30,001,Carbonaceous Biochemical Oxygen Demand (CBOD5),40.3,25.0,mg/L,Average Monthly,2025-11-30,>,Violation of permit condition,Effluent,
PA0052728,TURKEY HILL MINIT MARKET STP,Chester,2025-11-01,2025-11-30,001,Dissolved Oxygen,5.26,6.0,mg/L,Instantaneous Minimum,2025-11-30,<,Violation of permit condition,Effluent,
PA0052728,TURKEY HILL MINIT MARKET STP,Chester,2025-11-01,2025-11-30,001,Fecal Coliform,450.0,200.0,No./100 ml,Geometric Mean,2025-11-30,>,Violation of permit condition,Effluent,
PA0052728,TURKEY HILL MINIT MARKET STP,Chester,2025-12-01,2025-12-31,001,Carbonaceous Biochemical Oxygen Demand (CBOD5),57.4,25.0,mg/L,Average Monthly,2025-12-31,>,Violation of permit condition,Effluent,
PA0052728,TURKEY HILL MINIT MARKET STP,Chester,2025-12-01,2025-12-31,001,Dissolved Oxygen,4.12,6.0,mg/L,Instantaneous Minimum,2025-12-31,<,Violation of permit condition,Effluent,
PA0052728,TURKEY HILL MINIT MARKET STP,Chester,2025-12-01,2025-12-31,001,Total Nitrogen,66.9,40.0,mg/L,Average Monthly,2025-12-31,>,Violation of permit condition,Effluent,
PA0052728,TURKEY HILL MINIT MARKET STP,Chester,2025-12-01,2025-12-31,001,Total Suspended Solids,56.0,30.0,mg/L,Average Monthly,2025-12-31,>,Violation of permit condition,Effluent,
PA0052728,TURKEY HILL MINIT MARKET STP,Chester,2026-01-01,2026-01-31,001,Ammonia-Nitrogen,90.8,10.0,mg/L,Average Monthly,2026-01-31,>,Violation of permit condition,Effluent,
PA0052728,TURKEY HILL MINIT MARKET STP,Chester,2026-01-01,2026-01-31,001,Carbonaceous Biochemical Oxygen Demand (CBOD5),226.0,25.0,mg/L,Average Monthly,2026-01-31,>,Violation of permit condition,Effluent,
PA0052728,TURKEY HILL MINIT MARKET STP,Chester,2026-01-01,2026-01-31,001,Dissolved Oxygen,4.98,6.0,mg/L,Instantaneous Minimum,2026-01-31,<,Violation of permit condition,Effluent,
PA0052728,TURKEY HILL MINIT MARKET STP,Chester,2026-01-01,2026-01-31,001,Fecal Coliform,20000.0,200.0,No./100 ml,Geometric Mean,2026-01-31,>,Violation of permit condition,Effluent,
PA0052728,TURKEY HILL MINIT MARKET STP,Chester,2026-01-01,2026-01-31,001,Fecal Coliform,20000.0,1000.0,No./100 ml,Instantaneous Maximum,2026-01-31,>,Violation of permit condition,Effluent,
PA0052728,TURKEY HILL MINIT MARKET STP,Chester,2026-01-01,2026-01-31,001,Total Nitrogen,109.0,40.0,mg/L,Average Monthly,2026-01-31,>,Violation of permit condition,Effluent,
PA0052728,TURKEY HILL MINIT MARKET STP,Chester,2026-01-01,2026-01-31,001,Total Suspended Solids,120.0,30.0,mg/L,Average Monthly,2026-01-31,>,Violation of permit condition,Effluent,
PA0080594,NORTH AMERICAN PIPE CORP - BRISTOL,Lancaster,2025-07-01,2025-07-31,001,"1,1,2,2-Tetrachloroethane",0.002,0.001,lbs/day,Average Monthly,2025-07-31,>,Violation of permit condition,Effluent,
PA0080594,NORTH AMERICAN PIPE CORP - BRISTOL,Lancaster,2025-07-01,2025-07-31,001,"1,1,2,2-Tetrachloroethane",0.002,0.0015,lbs/day,Daily Maximum,2025-07-31,>,Violation of permit condition,Effluent,
PA0080594,NORTH AMERICAN PIPE CORP - BRISTOL,Lancaster,2025-07-01,2025-07-31,001,Carbon Tetrachloride,0.002,0.0014,lbs/day,Average Monthly,2025-07-31,>,Violation of permit condition,Effluent,
PA0080594,NORTH AMERICAN PIPE CORP - BRISTOL,Lancaster,2025-07-01,2025-07-31,001,Vinyl Chloride,0.001,0.0001,mg/L,Average Monthly,2025-07-31,>,Violation of permit condition,Effluent,
PA0080594,NORTH AMERICAN PIPE CORP - BRISTOL,Lancaster,2025-07-01,2025-07-31,001,Vinyl Chloride,0.002,0.00015,lbs/day,Average Monthly,2025-07-31,>,Violation of permit condition,Effluent,
PA0080594,NORTH AMERICAN PIPE CORP - BRISTOL,Lancaster,2025-07-01,2025-07-31,001,Vinyl Chloride,0.001,0.0002,mg/L,Daily Maximum,2025-07-31,>,Violation of permit condition,Effluent,
PA0080594,NORTH AMERICAN PIPE CORP - BRISTOL,Lancaster,2025-07-01,2025-07-31,001,Vinyl Chloride,0.002,0.00023,lbs/day,Daily Maximum,2025-07-31,>,Violation of permit condition,Effluent,
PA0080594,NORTH AMERICAN PIPE CORP - BRISTOL,Lancaster,2025-08-01,2025-08-31,001,"1,1,2,2-Tetrachloroethane",0.0016,0.001,lbs/day,Average Monthly,2025-08-31,>,Violation of permit condition,Effluent,
PA0080594,NORTH AMERICAN PIPE CORP - BRISTOL,Lancaster,2025-08-01,2025-08-31,001,"1,1,2,2-Tetrachloroethane",0.0016,0.0015,lbs/day,Daily Maximum,2025-08-31,>,Violation of permit condition,Effluent,
PA0080594,NORTH AMERICAN PIPE CORP - BRISTOL,Lancaster,2025-08-01,2025-08-31,001,"1,2-Dichloroethane",0.0024,0.0023,lbs/day,Average Monthly,2025-08-31,>,Violation of permit condition,Effluent,
PA0080594,NORTH AMERICAN PIPE CORP - BRISTOL,Lancaster,2025-08-01,2025-08-31,001,"1,2-Dichloroethane",0.0038,0.0035,lbs/day,Daily Maximum,2025-08-31,>,Violation of permit condition,Effluent,
PA0080594,NORTH AMERICAN PIPE CORP - BRISTOL,Lancaster,2025-08-01,2025-08-31,001,Carbon Tetrachloride,0.0016,0.0014,lbs/day,Average Monthly,2025-08-31,>,Violation of permit condition,Effluent,
PA0080594,NORTH AMERICAN PIPE CORP - BRISTOL,Lancaster,2025-08-01,2025-08-31,001,Total Suspended Solids,42.0,19.0,mg/L,Daily Maximum,2025-08-31,>,Violation of permit condition,Effluent,
PA0080594,NORTH AMERICAN PIPE CORP - BRISTOL,Lancaster,2025-08-01,2025-08-31,001,Vinyl Chloride,0.00165,0.00015,lbs/day,Average Monthly,2025-08-31,>,Violation of permit condition,Effluent,
PA0080594,NORTH AMERICAN PIPE CORP - BRISTOL,Lancaster,2025-08-01,2025-08-31,001,Vinyl Chloride,0.001,0.0001,mg/L,Average Monthly,2025-08-31,>,Violation of permit condition,Effluent,
PA0080594,NORTH AMERICAN PIPE CORP - BRISTOL,Lancaster,2025-08-01,2025-08-31,001,Vinyl Chloride,0.00179,0.00023,lbs/day,Daily Maximum,2025-08-31,>,Violation of permit condition,Effluent,
PA0080594,NORTH AMERICAN PIPE CORP - BRISTOL,Lancaster,2025-08-01,2025-08-31,001,Vinyl Chloride,0.0011,0.0002,mg/L,Daily Maximum,2025-08-31,>,Violation of permit condition,Effluent,
PA0080594,NORTH AMERICAN PIPE CORP - BRISTOL,Lancaster,2025-09-01,2025-09-30,001,"1,1,2,2-Tetrachloroethane",0.002,0.001,lbs/day,Average Monthly,2025-09-30,>,Violation of permit condition,Effluent,
PA0080594,NORTH AMERICAN PIPE CORP - BRISTOL,Lancaster,2025-09-01,2025-09-30,001,"1,1,2,2-Tetrachloroethane",0.002,0.0015,lbs/day,Daily Maximum,2025-09-30,>,Violation of permit condition,Effluent,
PA0080594,NORTH AMERICAN PIPE CORP - BRISTOL,Lancaster,2025-09-01,2025-09-30,001,Carbon Tetrachloride,0.002,0.0014,lbs/day,Average Monthly,2025-09-30,>,Violation of permit condition,Effluent,
PA0080594,NORTH AMERICAN PIPE CORP - BRISTOL,Lancaster,2025-09-01,2025-09-30,001,Vinyl Chloride,0.001,0.0001,mg/L,Average Monthly,2025-09-30,>,Violation of permit condition,Effluent,
PA0080594,NORTH AMERICAN PIPE CORP - BRISTOL,Lancaster,2025-09-01,2025-09-30,001,Vinyl Chloride,0.002,0.00015,lbs/day,Average Monthly,2025-09-30,>,Violation of permit condition,Effluent,
PA0080594,NORTH AMERICAN PIPE CORP - BRISTOL,Lancaster,2025-09-01,2025-09-30,001,Vinyl Chloride,0.002,0.00023,lbs/day,Daily Maximum,2025-09-30,>,Violation of permit condition,Effluent,
PA0080594,NORTH AMERICAN PIPE CORP - BRISTOL,Lancaster,2025-09-01,2025-09-30,001,Vinyl Chloride,0.001,0.0002,mg/L,Daily Maximum,2025-09-30,>,Violation of permit condition,Effluent,
PA0080594,NORTH AMERICAN PIPE CORP - BRISTOL,Lancaster,2025-10-01,2025-10-31,001,"1,1,2,2-Tetrachloroethane",0.002,0.001,lbs/day,Average Monthly,2025-10-31,>,Violation of permit condition,Effluent,
PA0080594,NORTH AMERICAN PIPE CORP - BRISTOL,Lancaster,2025-10-01,2025-10-31,001,"1,1,2,2-Tetrachloroethane",0.002,0.0015,lbs/day,Daily Maximum,2025-10-31,>,Violation of permit condition,Effluent,
PA0080594,NORTH AMERICAN PIPE CORP - BRISTOL,Lancaster,2025-10-01,2025-10-31,001,"1,2-Dichloroethane",0.004,0.0023,lbs/day,Average Monthly,2025-10-31,>,Violation of permit condition,Effluent,
PA0080594,NORTH AMERICAN PIPE CORP - BRISTOL,Lancaster,2025-10-01,2025-10-31,001,"1,2-Dichloroethane",0.01,0.0035,lbs/day,Daily Maximum,2025-10-31,>,Violation of permit condition,Effluent,
PA0080594,NORTH AMERICAN PIPE CORP - BRISTOL,Lancaster,2025-10-01,2025-10-31,001,"1,2-Dichloroethane",0.0062,0.0037,mg/L,Daily Maximum,2025-10-31,>,Violation of permit condition,Effluent,
PA0080594,NORTH AMERICAN PIPE CORP - BRISTOL,Lancaster,2025-10-01,2025-10-31,001,Carbon Tetrachloride,0.002,0.0014,lbs/day,Average Monthly,2025-10-31,>,Violation of permit condition,Effluent,
PA0080594,NORTH AMERICAN PIPE CORP - BRISTOL,Lancaster,2025-10-01,2025-10-31,001,Vinyl Chloride,0.002,0.00015,lbs/day,Average Monthly,2025-10-31,>,Violation of permit condition,Effluent,
PA0080594,NORTH AMERICAN PIPE CORP - BRISTOL,Lancaster,2025-10-01,2025-10-31,001,Vinyl Chloride,0.001,0.0001,mg/L,Average Monthly,2025-10-31,>,Violation of permit condition,Effluent,
PA0080594,NORTH AMERICAN PIPE CORP - BRISTOL,Lancaster,2025-10-01,2025-10-31,001,Vinyl Chloride,0.0013,0.0002,mg/L,Daily Maximum,2025-10-31,>,Violation of permit condition,Effluent,
PA0080594,NORTH AMERICAN PIPE CORP - BRISTOL,Lancaster,2025-10-01,2025-10-31,001,Vinyl Chloride,0.002,0.00023,lbs/day,Daily Maximum,2025-10-31,>,Violation of permit condition,Effluent,
PA0080594,NORTH AMERICAN PIPE CORP - BRISTOL,Lancaster,2025-11-01,2025-11-30,001,"1,1,2,2-Tetrachloroethane",0.002,0.001,lbs/day,Average Monthly,2025-11-30,>,Violation of permit condition,Effluent,
PA0080594,NORTH AMERICAN PIPE CORP - BRISTOL,Lancaster,2025-11-01,2025-11-30,001,"1,1,2,2-Tetrachloroethane",0.002,0.0015,lbs/day,Daily Maximum,2025-11-30,>,Violation of permit condition,Effluent,
PA0080594,NORTH AMERICAN PIPE CORP - BRISTOL,Lancaster,2025-11-01,2025-11-30,001,Carbon Tetrachloride,0.002,0.0014,lbs/day,Average Monthly,2025-11-30,>,Violation of permit condition,Effluent,
PA0080594,NORTH AMERICAN PIPE CORP - BRISTOL,Lancaster,2025-11-01,2025-11-30,001,Vinyl Chloride,0.001,0.0001,mg/L,Average Monthly,2025-11-30,>,Violation of permit condition,Effluent,
PA0080594,NORTH AMERICAN PIPE CORP - BRISTOL,Lancaster,2025-11-01,2025-11-30,001,Vinyl Chloride,0.002,0.00015,lbs/day,Average Monthly,2025-11-30,>,Violation of permit condition,Effluent,
PA0080594,NORTH AMERICAN PIPE CORP - BRISTOL,Lancaster,2025-11-01,2025-11-30,001,Vinyl Chloride,0.001,0.0002,mg/L,Daily Maximum,2025-11-30,>,Violation of permit condition,Effluent,
PA0080594,NORTH AMERICAN PIPE CORP - BRISTOL,Lancaster,2025-11-01,2025-11-30,001,Vinyl Chloride,0.002,0.00023,lbs/day,Daily Maximum,2025-11-30,>,Violation of permit condition,Effluent,
PA0080594,NORTH AMERICAN PIPE CORP - BRISTOL,Lancaster,2025-12-01,2025-12-31,001,"1,1,2,2-Tetrachloroethane",0.002,0.001,lbs/day,Average Monthly,2025-12-31,>,Violation of permit condition,Effluent,
PA0080594,NORTH AMERICAN PIPE CORP - BRISTOL,Lancaster,2025-12-01,2025-12-31,001,"1,1,2,2-Tetrachloroethane",0.002,0.0015,lbs/day,Daily Maximum,2025-12-31,>,Violation of permit condition,Effluent,
PA0080594,NORTH AMERICAN PIPE CORP - BRISTOL,Lancaster,2025-12-01,2025-12-31,001,"1,2-Dichloroethane",0.004,0.0035,lbs/day,Daily Maximum,2025-12-31,>,Violation of permit condition,Effluent,
PA0080594,NORTH AMERICAN PIPE CORP - BRISTOL,Lancaster,2025-12-01,2025-12-31,001,Carbon Tetrachloride,0.002,0.0014,lbs/day,Average Monthly,2025-12-31,>,Violation of permit condition,Effluent,
PA0080594,NORTH AMERICAN PIPE CORP - BRISTOL,Lancaster,2025-12-01,2025-12-31,001,Vinyl Chloride,0.002,0.00015,lbs/day,Average Monthly,2025-12-31,>,Violation of permit condition,Effluent,
PA0080594,NORTH AMERICAN PIPE CORP - BRISTOL,Lancaster,2025-12-01,2025-12-31,001,Vinyl Chloride,0.001,0.0001,mg/L,Average Monthly,2025-12-31,>,Violation of permit condition,Effluent,
PA0080594,NORTH AMERICAN PIPE CORP - BRISTOL,Lancaster,2025-12-01,2025-12-31,001,Vinyl Chloride,0.002,0.00023,lbs/day,Daily Maximum,2025-12-31,>,Violation of permit condition,Effluent,
PA0080594,NORTH AMERICAN PIPE CORP - BRISTOL,Lancaster,2025-12-01,2025-12-31,001,Vinyl Chloride,0.001,0.0002,mg/L,Daily Maximum,2025-12-31,>,Violation of permit condition,Effluent,
PA0080594,NORTH AMERICAN PIPE CORP - BRISTOL,Lancaster,2026-01-01,2026-01-31,001,"1,1,2,2-Tetrachloroethane",0.002,0.001,lbs/day,Average Monthly,2026-01-31,>,Violation of permit condition,Effluent,
PA0080594,NORTH AMERICAN PIPE CORP - BRISTOL,Lancaster,2026-01-01,2026-01-31,001,Biochemical Oxygen Demand (BOD5),93.0,26.0,mg/L,Daily Maximum,2026-01-31,>,Violation of permit condition,Effluent,
PA0080594,NORTH AMERICAN PIPE CORP - BRISTOL,Lancaster,2026-01-01,2026-01-31,001,Vinyl Chloride,0.002,0.00015,lbs/day,Average Monthly,2026-01-31,>,Violation of permit condition,Effluent,
PA0080594,NORTH AMERICAN PIPE CORP - BRISTOL,Lancaster,2026-01-01,2026-01-31,001,Vinyl Chloride,0.001,0.0001,mg/L,Average Monthly,2026-01-31,>,Violation of permit condition,Effluent,
PA0080594,NORTH AMERICAN PIPE CORP - BRISTOL,Lancaster,2026-01-01,2026-01-31,001,Vinyl Chloride,0.0015,0.0002,mg/L,Daily Maximum,2026-01-31,>,Violation of permit condition,Effluent,
PA0080594,NORTH AMERICAN PIPE CORP - BRISTOL,Lancaster,2026-01-01,2026-01-31,001,Vinyl Chloride,0.002,0.00023,lbs/day,Daily Maximum,2026-01-31,>,Violation of permit condition,Effluent,
PA0086541,DENVER COLD STORAGE,Lancaster,2025-08-01,2025-08-31,001,Biochemical Oxygen Demand (BOD5),24.8,20.0,mg/L,Instantaneous Maximum,2025-08-31,>,Violation of permit condition,Effluent,
PA0086541,DENVER COLD STORAGE,Lancaster,2025-11-01,2025-11-30,001,Temperature (deg F),77.0,60.0,ºF,Daily Maximum,2025-11-30,>,Violation of permit condition,Effluent,
PA0090131,BERYL ACRES STP,Washington,2025-09-01,2025-09-30,001,Ammonia-Nitrogen,5.4,3.8,mg/L,Average Monthly,2025-09-30,>,Violation of permit condition,Effluent,
PA0090131,BERYL ACRES STP,Washington,2025-10-01,2025-10-31,001,Ammonia-Nitrogen,10.6,3.8,mg/L,Average Monthly,2025-10-31,>,Violation of permit condition,Effluent,
PA0090131,BERYL ACRES STP,Washington,2025-10-01,2025-10-31,001,Ammonia-Nitrogen,13.8,7.6,mg/L,Instantaneous Maximum,2025-10-31,>,Violation of permit condition,Effluent,
PA0097799,LAUREL HIGHLANDS CAMPLAND STP,Westmoreland,2025-07-01,2025-07-31,001,Ammonia-Nitrogen,24.1,2.0,mg/L,Average Monthly,2025-07-31,>,Violation of permit condition,Effluent,
PA0097799,LAUREL HIGHLANDS CAMPLAND STP,Westmoreland,2025-07-01,2025-07-31,001,Ammonia-Nitrogen,35.3,4.0,mg/L,Instantaneous Maximum,2025-07-31,>,Violation of permit condition,Effluent,
PA0097799,LAUREL HIGHLANDS CAMPLAND STP,Westmoreland,2025-07-01,2025-07-31,001,Carbonaceous Biochemical Oxygen Demand (CBOD5),129.0,25.0,mg/L,Average Monthly,2025-07-31,>,Violation of permit condition,Effluent,
PA0097799,LAUREL HIGHLANDS CAMPLAND STP,Westmoreland,2025-07-01,2025-07-31,001,Carbonaceous Biochemical Oxygen Demand (CBOD5),233.0,50.0,mg/L,Instantaneous Maximum,2025-07-31,>,Violation of permit condition,Effluent,
PA0097799,LAUREL HIGHLANDS CAMPLAND STP,Westmoreland,2025-07-01,2025-07-31,001,Total Suspended Solids,97.0,30.0,mg/L,Average Monthly,2025-07-31,>,Violation of permit condition,Effluent,
PA0097799,LAUREL HIGHLANDS CAMPLAND STP,Westmoreland,2025-07-01,2025-07-31,001,Total Suspended Solids,196.0,60.0,mg/L,Instantaneous Maximum,2025-07-31,>,Violation of permit condition,Effluent,
PA0097799,LAUREL HIGHLANDS CAMPLAND STP,Westmoreland,2025-08-01,2025-08-31,001,Ammonia-Nitrogen,37.1,2.0,mg/L,Average Monthly,2025-08-31,>,Violation of permit condition,Effluent,
PA0097799,LAUREL HIGHLANDS CAMPLAND STP,Westmoreland,2025-08-01,2025-08-31,001,Ammonia-Nitrogen,45.0,4.0,mg/L,Instantaneous Maximum,2025-08-31,>,Violation of permit condition,Effluent,
PA0097799,LAUREL HIGHLANDS CAMPLAND STP,Westmoreland,2025-08-01,2025-08-31,001,Carbonaceous Biochemical Oxygen Demand (CBOD5),118.0,25.0,mg/L,Average Monthly,2025-08-31,>,Violation of permit condition,Effluent,
PA0097799,LAUREL HIGHLANDS CAMPLAND STP,Westmoreland,2025-08-01,2025-08-31,001,Carbonaceous Biochemical Oxygen Demand (CBOD5),129.0,50.0,mg/L,Instantaneous Maximum,2025-08-31,>,Violation of permit condition,Effluent,
PA0097799,LAUREL HIGHLANDS CAMPLAND STP,Westmoreland,2025-08-01,2025-08-31,001,Total Suspended Solids,84.0,30.0,mg/L,Average Monthly,2025-08-31,>,Violation of permit condition,Effluent,
PA0097799,LAUREL HIGHLANDS CAMPLAND STP,Westmoreland,2025-08-01,2025-08-31,001,Total Suspended Solids,118.0,60.0,mg/L,Instantaneous Maximum,2025-08-31,>,Violation of permit condition,Effluent,
PA0097799,LAUREL HIGHLANDS CAMPLAND STP,Westmoreland,2025-09-01,2025-09-30,001,Ammonia-Nitrogen,4.7,2.0,mg/L,Average Monthly,2025-09-30,>,Violation of permit condition,Effluent,
PA0097799,LAUREL HIGHLANDS CAMPLAND STP,Westmoreland,2025-09-01,2025-09-30,001,Ammonia-Nitrogen,7.4,4.0,mg/L,Instantaneous Maximum,2025-09-30,>,Violation of permit condition,Effluent,
PA0097799,LAUREL HIGHLANDS CAMPLAND STP,Westmoreland,2025-09-01,2025-09-30,001,Carbonaceous Biochemical Oxygen Demand (CBOD5),159.0,25.0,mg/L,Average Monthly,2025-09-30,>,Violation of permit condition,Effluent,
PA0097799,LAUREL HIGHLANDS CAMPLAND STP,Westmoreland,2025-09-01,2025-09-30,001,Carbonaceous Biochemical Oxygen Demand (CBOD5),270.0,50.0,mg/L,Instantaneous Maximum,2025-09-30,>,Violation of permit condition,Effluent,
PA0097799,LAUREL HIGHLANDS CAMPLAND STP,Westmoreland,2025-09-01,2025-09-30,001,Dissolved Oxygen,5.5,6.0,mg/L,Minimum,2025-09-30,<,Violation of permit condition,Effluent,
PA0097799,LAUREL HIGHLANDS CAMPLAND STP,Westmoreland,2025-09-01,2025-09-30,001,Total Suspended Solids,42.0,30.0,mg/L,Average Monthly,2025-09-30,>,Violation of permit condition,Effluent,
PA0097799,LAUREL HIGHLANDS CAMPLAND STP,Westmoreland,2025-10-01,2025-10-31,001,Ammonia-Nitrogen,38.3,2.0,mg/L,Average Monthly,2025-10-31,>,Violation of permit condition,Effluent,
PA0097799,LAUREL HIGHLANDS CAMPLAND STP,Westmoreland,2025-10-01,2025-10-31,001,Ammonia-Nitrogen,62.4,4.0,mg/L,Instantaneous Maximum,2025-10-31,>,Violation of permit condition,Effluent,
PA0097799,LAUREL HIGHLANDS CAMPLAND STP,Westmoreland,2025-10-01,2025-10-31,001,Carbonaceous Biochemical Oxygen Demand (CBOD5),209.0,25.0,mg/L,Average Monthly,2025-10-31,>,Violation of permit condition,Effluent,
PA0097799,LAUREL HIGHLANDS CAMPLAND STP,Westmoreland,2025-10-01,2025-10-31,001,Carbonaceous Biochemical Oxygen Demand (CBOD5),585.0,50.0,mg/L,Instantaneous Maximum,2025-10-31,>,Violation of permit condition,Effluent,
PA0097799,LAUREL HIGHLANDS CAMPLAND STP,Westmoreland,2025-10-01,2025-10-31,001,Dissolved Oxygen,5.5,6.0,mg/L,Minimum,2025-10-31,<,Violation of permit condition,Effluent,
PA0097799,LAUREL HIGHLANDS CAMPLAND STP,Westmoreland,2025-10-01,2025-10-31,001,Total Suspended Solids,103.0,30.0,mg/L,Average Monthly,2025-10-31,>,Violation of permit condition,Effluent,
PA0097799,LAUREL HIGHLANDS CAMPLAND STP,Westmoreland,2025-10-01,2025-10-31,001,Total Suspended Solids,328.0,60.0,mg/L,Instantaneous Maximum,2025-10-31,>,Violation of permit condition,Effluent,
PA0097799,LAUREL HIGHLANDS CAMPLAND STP,Westmoreland,2025-11-01,2025-11-30,001,Ammonia-Nitrogen,31.3,3.5,mg/L,Average Monthly,2025-11-30,>,Violation of permit condition,Effluent,
PA0097799,LAUREL HIGHLANDS CAMPLAND STP,Westmoreland,2025-11-01,2025-11-30,001,Ammonia-Nitrogen,36.6,7.0,mg/L,Instantaneous Maximum,2025-11-30,>,Violation of permit condition,Effluent,
PA0097799,LAUREL HIGHLANDS CAMPLAND STP,Westmoreland,2025-11-01,2025-11-30,001,Carbonaceous Biochemical Oxygen Demand (CBOD5),115.0,25.0,mg/L,Average Monthly,2025-11-30,>,Violation of permit condition,Effluent,
PA0097799,LAUREL HIGHLANDS CAMPLAND STP,Westmoreland,2025-11-01,2025-11-30,001,Carbonaceous Biochemical Oxygen Demand (CBOD5),192.0,50.0,mg/L,Instantaneous Maximum,2025-11-30,>,Violation of permit condition,Effluent,
PA0097799,LAUREL HIGHLANDS CAMPLAND STP,Westmoreland,2025-11-01,2025-11-30,001,Dissolved Oxygen,5.5,6.0,mg/L,Minimum,2025-11-30,<,Violation of permit condition,Effluent,
PA0097799,LAUREL HIGHLANDS CAMPLAND STP,Westmoreland,2025-11-01,2025-11-30,001,Total Suspended Solids,49.0,30.0,mg/L,Average Monthly,2025-11-30,>,Violation of permit condition,Effluent,
PA0097799,LAUREL HIGHLANDS CAMPLAND STP,Westmoreland,2025-12-01,2025-12-31,001,Ammonia-Nitrogen,27.1,3.5,mg/L,Average Monthly,2025-12-31,>,Violation of permit condition,Effluent,
PA0097799,LAUREL HIGHLANDS CAMPLAND STP,Westmoreland,2025-12-01,2025-12-31,001,Ammonia-Nitrogen,31.3,7.0,mg/L,Instantaneous Maximum,2025-12-31,>,Violation of permit condition,Effluent,
PA0097799,LAUREL HIGHLANDS CAMPLAND STP,Westmoreland,2025-12-01,2025-12-31,001,Carbonaceous Biochemical Oxygen Demand (CBOD5),123.0,25.0,mg/L,Average Monthly,2025-12-31,>,Violation of permit condition,Effluent,
PA0097799,LAUREL HIGHLANDS CAMPLAND STP,Westmoreland,2025-12-01,2025-12-31,001,Carbonaceous Biochemical Oxygen Demand (CBOD5),148.0,50.0,mg/L,Instantaneous Maximum,2025-12-31,>,Violation of permit condition,Effluent,
PA0097799,LAUREL HIGHLANDS CAMPLAND STP,Westmoreland,2025-12-01,2025-12-31,001,Dissolved Oxygen,5.4,6.0,mg/L,Minimum,2025-12-31,<,Violation of permit condition,Effluent,
PA0097799,LAUREL HIGHLANDS CAMPLAND STP,Westmoreland,2025-12-01,2025-12-31,001,Total Suspended Solids,50.0,30.0,mg/L,Average Monthly,2025-12-31,>,Violation of permit condition,Effluent,
PA0204994,HOMER CITY STP,Indiana,2025-07-01,2025-07-31,001,Ammonia-Nitrogen,167.4,90.0,lbs/day,Average Monthly,2025-07-31,>,Violation of permit condition,Effluent,
PA0204994,HOMER CITY STP,Indiana,2025-07-01,2025-07-31,001,Ammonia-Nitrogen,37.5,17.5,mg/L,Average Monthly,2025-07-31,>,Violation of permit condition,Effluent,
PA0204994,HOMER CITY STP,Indiana,2025-07-01,2025-07-31,001,Ammonia-Nitrogen,62.19,35.0,mg/L,Instantaneous Maximum,2025-07-31,>,Violation of permit condition,Effluent,
PA0204994,HOMER CITY STP,Indiana,2025-07-01,2025-07-31,001,Dissolved Oxygen,0.4,6.0,mg/L,Daily Minimum,2025-07-31,<,Violation of permit condition,Effluent,
PA0204994,HOMER CITY STP,Indiana,2025-07-01,2025-07-31,001,Fecal Coliform,115311.0,200.0,No./100 ml,Geometric Mean,2025-07-31,>,Violation of permit condition,Effluent,
PA0204994,HOMER CITY STP,Indiana,2025-07-01,2025-07-31,001,Fecal Coliform,570000.0,1000.0,No./100 ml,Instantaneous Maximum,2025-07-31,>,Violation of permit condition,Effluent,
PA0204994,HOMER CITY STP,Indiana,2025-08-01,2025-08-31,001,Ammonia-Nitrogen,176.0,90.0,lbs/day,Average Monthly,2025-08-31,>,Violation of permit condition,Effluent,
PA0204994,HOMER CITY STP,Indiana,2025-08-01,2025-08-31,001,Ammonia-Nitrogen,59.3,17.5,mg/L,Average Monthly,2025-08-31,>,Violation of permit condition,Effluent,
PA0204994,HOMER CITY STP,Indiana,2025-08-01,2025-08-31,001,Ammonia-Nitrogen,92.06,35.0,mg/L,Instantaneous Maximum,2025-08-31,>,Violation of permit condition,Effluent,
PA0204994,HOMER CITY STP,Indiana,2025-08-01,2025-08-31,001,Dissolved Oxygen,0.1,6.0,mg/L,Daily Minimum,2025-08-31,<,Violation of permit condition,Effluent,
PA0204994,HOMER CITY STP,Indiana,2025-08-01,2025-08-31,001,Fecal Coliform,460813.0,200.0,No./100 ml,Geometric Mean,2025-08-31,>,Violation of permit condition,Effluent,
PA0204994,HOMER CITY STP,Indiana,2025-08-01,2025-08-31,001,Fecal Coliform,600000.0,1000.0,No./100 ml,Instantaneous Maximum,2025-08-31,>,Violation of permit condition,Effluent,
PA0204994,HOMER CITY STP,Indiana,2025-09-01,2025-09-30,001,Ammonia-Nitrogen,142.5,90.0,lbs/day,Average Monthly,2025-09-30,>,Violation of permit condition,Effluent,
PA0204994,HOMER CITY STP,Indiana,2025-09-01,2025-09-30,001,Ammonia-Nitrogen,64.8,17.5,mg/L,Average Monthly,2025-09-30,>,Violation of permit condition,Effluent,
PA0204994,HOMER CITY STP,Indiana,2025-09-01,2025-09-30,001,Ammonia-Nitrogen,103.68,35.0,mg/L,Instantaneous Maximum,2025-09-30,>,Violation of permit condition,Effluent,
PA0204994,HOMER CITY STP,Indiana,2025-09-01,2025-09-30,001,Carbonaceous Biochemical Oxygen Demand (CBOD5),49.2,25.0,mg/L,Average Monthly,2025-09-30,>,Violation of permit condition,Effluent,
PA0204994,HOMER CITY STP,Indiana,2025-09-01,2025-09-30,001,Carbonaceous Biochemical Oxygen Demand (CBOD5),77.1,40.0,mg/L,Weekly Average,2025-09-30,>,Violation of permit condition,Effluent,
PA0204994,HOMER CITY STP,Indiana,2025-09-01,2025-09-30,001,Dissolved Oxygen,0.07,6.0,mg/L,Daily Minimum,2025-09-30,<,Violation of permit condition,Effluent,
PA0204994,HOMER CITY STP,Indiana,2025-09-01,2025-09-30,001,Fecal Coliform,606332.0,200.0,No./100 ml,Geometric Mean,2025-09-30,>,Violation of permit condition,Effluent,
PA0204994,HOMER CITY STP,Indiana,2025-09-01,2025-09-30,001,Fecal Coliform,1235000.0,1000.0,No./100 ml,Instantaneous Maximum,2025-09-30,>,Violation of permit condition,Effluent,
PA0204994,HOMER CITY STP,Indiana,2025-09-01,2025-09-30,001,Total Suspended Solids,37.8,30.0,mg/L,Average Monthly,2025-09-30,>,Violation of permit condition,Effluent,
PA0204994,HOMER CITY STP,Indiana,2025-09-01,2025-09-30,001,Total Suspended Solids,51.0,45.0,mg/L,Weekly Average,2025-09-30,>,Violation of permit condition,Effluent,
PA0204994,HOMER CITY STP,Indiana,2025-11-01,2025-11-30,001,Fecal Coliform,2018.0,2000.0,No./100 ml,Geometric Mean,2025-11-30,>,Violation of permit condition,Effluent,
PA0204994,HOMER CITY STP,Indiana,2025-11-01,2025-11-30,001,Fecal Coliform,23000.0,10000.0,No./100 ml,Instantaneous Maximum,2025-11-30,>,Violation of permit condition,Effluent,
PA0222160,HEMLOCK MHP,Mercer,2025-07-01,2025-07-31,001,Dissolved Oxygen,1.8,4.0,mg/L,Daily Minimum,2025-07-31,<,Violation of permit condition,Effluent,
PA0222160,HEMLOCK MHP,Mercer,2025-07-01,2025-07-31,001,Fecal Coliform,495.0,200.0,No./100 ml,Geometric Mean,2025-07-31,>,Violation of permit condition,Effluent,
PA0222160,HEMLOCK MHP,Mercer,2025-07-01,2025-07-31,001,Total Suspended Solids,59.0,30.0,mg/L,Average Monthly,2025-07-31,>,Violation of permit condition,Effluent,
PA0222160,HEMLOCK MHP,Mercer,2025-07-01,2025-07-31,001,Total Suspended Solids,89.0,60.0,mg/L,Instantaneous Maximum,2025-07-31,>,Violation of permit condition,Effluent,
PA0222160,HEMLOCK MHP,Mercer,2025-08-01,2025-08-31,001,Dissolved Oxygen,1.9,4.0,mg/L,Daily Minimum,2025-08-31,<,Violation of permit condition,Effluent,
PA0222160,HEMLOCK MHP,Mercer,2025-08-01,2025-08-31,001,Fecal Coliform,2420.0,1000.0,No./100 ml,Instantaneous Maximum,2025-08-31,>,Violation of permit condition,Effluent,
PA0222160,HEMLOCK MHP,Mercer,2025-09-01,2025-09-30,001,Dissolved Oxygen,1.5,4.0,mg/L,Daily Minimum,2025-09-30,<,Violation of permit condition,Effluent,
PA0222160,HEMLOCK MHP,Mercer,2025-09-01,2025-09-30,001,Fecal Coliform,2420.0,1000.0,No./100 ml,Instantaneous Maximum,2025-09-30,>,Violation of permit condition,Effluent,
PA0222160,HEMLOCK MHP,Mercer,2025-09-01,2025-09-30,001,Total Suspended Solids,70.0,60.0,mg/L,Instantaneous Maximum,2025-09-30,>,Violation of permit condition,Effluent,
PA0222160,HEMLOCK MHP,Mercer,2025-10-01,2025-10-31,001,Dissolved Oxygen,2.4,4.0,mg/L,Daily Minimum,2025-10-31,<,Violation of permit condition,Effluent,
PA0222160,HEMLOCK MHP,Mercer,2025-10-01,2025-10-31,001,Fecal Coliform,2420.0,2000.0,No./100 ml,Geometric Mean,2025-10-31,>,Violation of permit condition,Effluent,
PA0222160,HEMLOCK MHP,Mercer,2025-11-01,2025-11-30,001,Dissolved Oxygen,2.9,4.0,mg/L,Daily Minimum,2025-11-30,<,Violation of permit condition,Effluent,
PA0222160,HEMLOCK MHP,Mercer,2025-12-01,2025-12-31,001,Dissolved Oxygen,3.6,4.0,mg/L,Daily Minimum,2025-12-31,<,Violation of permit condition,Effluent,
PA0222160,HEMLOCK MHP,Mercer,2026-01-01,2026-01-31,001,Dissolved Oxygen,3.6,4.0,mg/L,Daily Minimum,2026-01-31,<,Violation of permit condition,Effluent,
PA0239003,PERRY LAKE ESTATES MHP,Butler,2025-07-01,2025-07-31,001,Ammonia-Nitrogen,46.1,3.5,mg/L,Average Monthly,2025-07-31,>,Violation of permit condition,Effluent,
PA0239003,PERRY LAKE ESTATES MHP,Butler,2025-07-01,2025-07-31,001,Ammonia-Nitrogen,46.5,7.0,mg/L,Instantaneous Maximum,2025-07-31,>,Violation of permit condition,Effluent,
PA0239003,PERRY LAKE ESTATES MHP,Butler,2025-07-01,2025-07-31,001,Dissolved Oxygen,1.2,4.0,mg/L,Minimum,2025-07-31,<,Violation of permit condition,Effluent,
PA0239003,PERRY LAKE ESTATES MHP,Butler,2025-07-01,2025-07-31,001,Fecal Coliform,2420.0,200.0,CFU/100 ml,Geometric Mean,2025-07-31,>,Violation of permit condition,Effluent,
PA0239003,PERRY LAKE ESTATES MHP,Butler,2025-07-01,2025-07-31,001,Fecal Coliform,2420.0,1000.0,CFU/100 ml,Instantaneous Maximum,2025-07-31,>,Violation of permit condition,Effluent,
PA0239003,PERRY LAKE ESTATES MHP,Butler,2025-07-01,2025-07-31,001,Total Phosphorus,6.9,2.0,mg/L,Average Monthly,2025-07-31,>,Violation of permit condition,Effluent,
PA0239003,PERRY LAKE ESTATES MHP,Butler,2025-07-01,2025-07-31,001,Total Phosphorus,7.43,4.0,mg/L,Instantaneous Maximum,2025-07-31,>,Violation of permit condition,Effluent,
PA0239003,PERRY LAKE ESTATES MHP,Butler,2025-07-01,2025-07-31,001,Total Suspended Solids,68.0,30.0,mg/L,Average Monthly,2025-07-31,>,Violation of permit condition,Effluent,
PA0239003,PERRY LAKE ESTATES MHP,Butler,2025-07-01,2025-07-31,001,Total Suspended Solids,71.0,60.0,mg/L,Instantaneous Maximum,2025-07-31,>,Violation of permit condition,Effluent,
PA0239003,PERRY LAKE ESTATES MHP,Butler,2025-08-01,2025-08-31,001,Ammonia-Nitrogen,19.1,3.5,mg/L,Average Monthly,2025-08-31,>,Violation of permit condition,Effluent,
PA0239003,PERRY LAKE ESTATES MHP,Butler,2025-08-01,2025-08-31,001,Ammonia-Nitrogen,35.7,7.0,mg/L,Instantaneous Maximum,2025-08-31,>,Violation of permit condition,Effluent,
PA0239003,PERRY LAKE ESTATES MHP,Butler,2025-09-01,2025-09-30,001,Total Phosphorus,4.19,2.0,mg/L,Average Monthly,2025-09-30,>,Violation of permit condition,Effluent,
PA0239003,PERRY LAKE ESTATES MHP,Butler,2025-09-01,2025-09-30,001,Total Phosphorus,4.95,4.0,mg/L,Instantaneous Maximum,2025-09-30,>,Violation of permit condition,Effluent,
PA0239003,PERRY LAKE ESTATES MHP,Butler,2025-09-01,2025-09-30,001,Total Suspended Solids,35.0,30.0,mg/L,Average Monthly,2025-09-30,>,Violation of permit condition,Effluent,
PA0239003,PERRY LAKE ESTATES MHP,Butler,2025-10-01,2025-10-31,001,Ammonia-Nitrogen,7.02,3.5,mg/L,Average Monthly,2025-10-31,>,Violation of permit condition,Effluent,
PA0239003,PERRY LAKE ESTATES MHP,Butler,2025-10-01,2025-10-31,001,Ammonia-Nitrogen,9.43,7.0,mg/L,Instantaneous Maximum,2025-10-31,>,Violation of permit condition,Effluent,
PA0239003,PERRY LAKE ESTATES MHP,Butler,2025-10-01,2025-10-31,001,Total Phosphorus,3.2,2.0,mg/L,Average Monthly,2025-10-31,>,Violation of permit condition,Effluent,
PA0239003,PERRY LAKE ESTATES MHP,Butler,2025-11-01,2025-11-30,001,Total Phosphorus,3.05,2.0,mg/L,Average Monthly,2025-11-30,>,Violation of permit condition,Effluent,
PA0239003,PERRY LAKE ESTATES MHP,Butler,2025-12-01,2025-12-31,001,Total Phosphorus,4.5,2.0,mg/L,Average Monthly,2025-12-31,>,Violation of permit condition,Effluent,
PA0239003,PERRY LAKE ESTATES MHP,Butler,2025-12-01,2025-12-31,001,Total Phosphorus,5.22,4.0,mg/L,Instantaneous Maximum,2025-12-31,>,Violation of permit condition,Effluent,
PA0248029,HUSTONTOWN STP,Fulton,2025-07-01,2025-07-31,001,Dissolved Oxygen,2.2,5.0,mg/L,Daily Minimum,2025-07-31,<,Violation of permit condition,Effluent,
PA0248029,HUSTONTOWN STP,Fulton,2025-07-01,2025-07-31,001,Total Residual Chlorine (TRC),0.2,0.02,mg/L,Average Monthly,2025-07-31,>,Violation of permit condition,Effluent,
PA0248029,HUSTONTOWN STP,Fulton,2025-07-01,2025-07-31,001,Total Residual Chlorine (TRC),6.0,0.06,mg/L,Instantaneous Maximum,2025-07-31,>,Violation of permit condition,Effluent,
PA0248029,HUSTONTOWN STP,Fulton,2025-07-01,2025-07-31,001,Total Suspended Solids,3.0,2.3,lbs/day,Average Monthly,2025-07-31,>,Violation of permit condition,Effluent,
PA0248029,HUSTONTOWN STP,Fulton,2025-07-01,2025-07-31,001,Total Suspended Solids,26.0,10.0,mg/L,Average Monthly,2025-07-31,>,Violation of permit condition,Effluent,
PA0248029,HUSTONTOWN STP,Fulton,2025-07-01,2025-07-31,001,Total Suspended Solids,26.0,15.0,mg/L,Weekly Average,2025-07-31,>,Violation of permit condition,Effluent,
PA0248029,HUSTONTOWN STP,Fulton,2025-08-01,2025-08-31,001,Dissolved Oxygen,4.1,5.0,mg/L,Daily Minimum,2025-08-31,<,Violation of permit condition,Effluent,
PA0248029,HUSTONTOWN STP,Fulton,2025-08-01,2025-08-31,001,Total Suspended Solids,11.0,10.0,mg/L,Average Monthly,2025-08-31,>,Violation of permit condition,Effluent,
PA0248029,HUSTONTOWN STP,Fulton,2025-09-01,2025-09-30,001,Dissolved Oxygen,4.3,5.0,mg/L,Daily Minimum,2025-09-30,<,Violation of permit condition,Effluent,
PA0248029,HUSTONTOWN STP,Fulton,2025-09-01,2025-09-30,001,Total Suspended Solids,4.0,2.3,lbs/day,Average Monthly,2025-09-30,>,Violation of permit condition,Effluent,
PA0248029,HUSTONTOWN STP,Fulton,2025-09-01,2025-09-30,001,Total Suspended Solids,33.0,10.0,mg/L,Average Monthly,2025-09-30,>,Violation of permit condition,Effluent,
PA0248029,HUSTONTOWN STP,Fulton,2025-09-01,2025-09-30,001,Total Suspended Solids,8.0,3.5,lbs/day,Weekly Average,2025-09-30,>,Violation of permit condition,Effluent,
PA0248029,HUSTONTOWN STP,Fulton,2025-09-01,2025-09-30,001,Total Suspended Solids,81.0,15.0,mg/L,Weekly Average,2025-09-30,>,Violation of permit condition,Effluent,
PA0248029,HUSTONTOWN STP,Fulton,2025-10-01,2025-10-31,001,Total Suspended Solids,12.0,10.0,mg/L,Average Monthly,2025-10-31,>,Violation of permit condition,Effluent,
PA0248029,HUSTONTOWN STP,Fulton,2025-10-01,2025-10-31,001,Total Suspended Solids,16.0,15.0,mg/L,Weekly Average,2025-10-31,>,Violation of permit condition,Effluent,
PA0248029,HUSTONTOWN STP,Fulton,2025-11-01,2025-11-30,001,Carbonaceous Biochemical Oxygen Demand (CBOD5),11.0,10.0,mg/L,Average Monthly,2025-11-30,>,Violation of permit condition,Effluent,
PA0248029,HUSTONTOWN STP,Fulton,2025-11-01,2025-11-30,001,Carbonaceous Biochemical Oxygen Demand (CBOD5),18.0,15.0,mg/L,Weekly Average,2025-11-30,>,Violation of permit condition,Effluent,
PA0248029,HUSTONTOWN STP,Fulton,2025-11-01,2025-11-30,001,pH,5.98,6.0,S.U.,Daily Minimum,2025-11-30,<,Violation of permit condition,Effluent,
PA0248029,HUSTONTOWN STP,Fulton,2025-11-01,2025-11-30,001,Total Suspended Solids,34.0,10.0,mg/L,Average Monthly,2025-11-30,>,Violation of permit condition,Effluent,
PA0248029,HUSTONTOWN STP,Fulton,2025-11-01,2025-11-30,001,Total Suspended Solids,5.0,2.3,lbs/day,Average Monthly,2025-11-30,>,Violation of permit condition,Effluent,
PA0248029,HUSTONTOWN STP,Fulton,2025-11-01,2025-11-30,001,Total Suspended Solids,7.0,3.5,lbs/day,Weekly Average,2025-11-30,>,Violation of permit condition,Effluent,
PA0248029,HUSTONTOWN STP,Fulton,2025-11-01,2025-11-30,001,Total Suspended Solids,42.0,15.0,mg/L,Weekly Average,2025-11-30,>,Violation of permit condition,Effluent,
PA0248029,HUSTONTOWN STP,Fulton,2025-12-01,2025-12-31,001,Total Suspended Solids,7.0,2.3,lbs/day,Average Monthly,2025-12-31,>,Violation of permit condition,Effluent,
PA0248029,HUSTONTOWN STP,Fulton,2025-12-01,2025-12-31,001,Total Suspended Solids,33.0,10.0,mg/L,Average Monthly,2025-12-31,>,Violation of permit condition,Effluent,
PA0248029,HUSTONTOWN STP,Fulton,2025-12-01,2025-12-31,001,Total Suspended Solids,11.0,3.5,lbs/day,Weekly Average,2025-12-31,>,Violation of permit condition,Effluent,
PA0248029,HUSTONTOWN STP,Fulton,2025-12-01,2025-12-31,001,Total Suspended Solids,54.0,15.0,mg/L,Weekly Average,2025-12-31,>,Violation of permit condition,Effluent,
PA0254967,FORMER FORD CITY FAC SLURRY LAGOON AREA,Armstrong,2025-07-01,2025-07-31,001,pH,10.0,9.0,S.U.,Daily Maximum,2025-07-31,>,Violation of permit condition,Effluent,
PA0254967,FORMER FORD CITY FAC SLURRY LAGOON AREA,Armstrong,2025-07-01,2025-07-31,001,pH,9.1,9.0,S.U.,Daily Maximum,2025-07-31,>,Violation of permit condition,Effluent,
PA0254967,FORMER FORD CITY FAC SLURRY LAGOON AREA,Armstrong,2025-08-01,2025-08-31,001,pH,10.4,9.0,S.U.,Daily Maximum,2025-08-31,>,Violation of permit condition,Effluent,
PA0254967,FORMER FORD CITY FAC SLURRY LAGOON AREA,Armstrong,2025-08-01,2025-08-31,001,Total Suspended Solids,40.3,30.0,mg/L,Average Monthly,2025-08-31,>,Violation of permit condition,Effluent,
PA0254967,FORMER FORD CITY FAC SLURRY LAGOON AREA,Armstrong,2025-08-01,2025-08-31,001,Total Suspended Solids,121.0,60.0,mg/L,Daily Maximum,2025-08-31,>,Violation of permit condition,Effluent,
PA0254967,FORMER FORD CITY FAC SLURRY LAGOON AREA,Armstrong,2025-09-01,2025-09-30,001,pH,10.6,9.0,S.U.,Daily Maximum,2025-09-30,>,Violation of permit condition,Effluent,
PA0254967,FORMER FORD CITY FAC SLURRY LAGOON AREA,Armstrong,2025-10-01,2025-10-31,001,pH,10.7,9.0,S.U.,Daily Maximum,2025-10-31,>,Violation of permit condition,Effluent,
PA0254967,FORMER FORD CITY FAC SLURRY LAGOON AREA,Armstrong,2025-10-01,2025-10-31,001,Total Suspended Solids,30.5,30.0,mg/L,Average Monthly,2025-10-31,>,Violation of permit condition,Effluent,
PA0254967,FORMER FORD CITY FAC SLURRY LAGOON AREA,Armstrong,2025-10-01,2025-10-31,001,pH,9.1,9.0,S.U.,Daily Maximum,2025-10-31,>,Violation of permit condition,Effluent,
PA0254967,FORMER FORD CITY FAC SLURRY LAGOON AREA,Armstrong,2025-11-01,2025-11-30,001,pH,11.0,9.0,S.U.,Daily Maximum,2025-11-30,>,Violation of permit condition,Effluent,
PA0254967,FORMER FORD CITY FAC SLURRY LAGOON AREA,Armstrong,2025-12-01,2025-12-31,001,pH,10.8,9.0,S.U.,Daily Maximum,2025-12-31,>,Violation of permit condition,Effluent,
PA0254967,FORMER FORD CITY FAC SLURRY LAGOON AREA,Armstrong,2025-12-01,2025-12-31,001,Total Suspended Solids,33.8,30.0,mg/L,Average Monthly,2025-12-31,>,Violation of permit condition,Effluent,
PA0254967,FORMER FORD CITY FAC SLURRY LAGOON AREA,Armstrong,2025-12-01,2025-12-31,001,Total Suspended Solids,64.9,60.0,mg/L,Daily Maximum,2025-12-31,>,Violation of permit condition,Effluent,
PA0254967,FORMER FORD CITY FAC SLURRY LAGOON AREA,Armstrong,2025-12-01,2025-12-31,001,pH,9.9,9.0,S.U.,Daily Maximum,2025-12-31,>,Violation of permit condition,Effluent,
PA0261661,COMFORT INN WASTEWATER,Lancaster,2025-07-01,2025-07-31,001,Nitrate-Nitrite as N,29.9,10.0,mg/L,Average Monthly,2025-07-31,>,Violation of permit condition,Effluent,
PA0261661,COMFORT INN WASTEWATER,Lancaster,2025-07-01,2025-07-31,001,Nitrate-Nitrite as N,30.4,20.0,mg/L,Daily Maximum,2025-07-31,>,Violation of permit condition,Effluent,
PA0261661,COMFORT INN WASTEWATER,Lancaster,2025-07-01,2025-07-31,001,Total Nitrogen,30.4,5.0,mg/L,Average Monthly,2025-07-31,>,Violation of permit condition,Effluent,
PA0261661,COMFORT INN WASTEWATER,Lancaster,2025-07-01,2025-07-31,001,Total Nitrogen,30.9,10.0,mg/L,Daily Maximum,2025-07-31,>,Violation of permit condition,Effluent,
PA0261661,COMFORT INN WASTEWATER,Lancaster,2025-08-01,2025-08-31,001,Nitrate-Nitrite as N,27.4,10.0,mg/L,Average Monthly,2025-08-31,>,Violation of permit condition,Effluent,
PA0261661,COMFORT INN WASTEWATER,Lancaster,2025-08-01,2025-08-31,001,Nitrate-Nitrite as N,27.4,20.0,mg/L,Daily Maximum,2025-08-31,>,Violation of permit condition,Effluent,
PA0261661,COMFORT INN WASTEWATER,Lancaster,2025-08-01,2025-08-31,001,Total Nitrogen,27.9,5.0,mg/L,Average Monthly,2025-08-31,>,Violation of permit condition,Effluent,
PA0261661,COMFORT INN WASTEWATER,Lancaster,2025-08-01,2025-08-31,001,Total Nitrogen,27.9,10.0,mg/L,Daily Maximum,2025-08-31,>,Violation of permit condition,Effluent,
PA0261661,COMFORT INN WASTEWATER,Lancaster,2025-09-01,2025-09-30,001,Nitrate-Nitrite as N,36.4,10.0,mg/L,Average Monthly,2025-09-30,>,Violation of permit condition,Effluent,
PA0261661,COMFORT INN WASTEWATER,Lancaster,2025-09-01,2025-09-30,001,Nitrate-Nitrite as N,36.4,20.0,mg/L,Daily Maximum,2025-09-30,>,Violation of permit condition,Effluent,
PA0261661,COMFORT INN WASTEWATER,Lancaster,2025-09-01,2025-09-30,001,Total Nitrogen,36.9,5.0,mg/L,Average Monthly,2025-09-30,>,Violation of permit condition,Effluent,
PA0261661,COMFORT INN WASTEWATER,Lancaster,2025-09-01,2025-09-30,001,Total Nitrogen,36.9,10.0,mg/L,Daily Maximum,2025-09-30,>,Violation of permit condition,Effluent,
PA0261661,COMFORT INN WASTEWATER,Lancaster,2025-10-01,2025-10-31,001,Nitrate-Nitrite as N,31.4,10.0,mg/L,Average Monthly,2025-10-31,>,Violation of permit condition,Effluent,
PA0261661,COMFORT INN WASTEWATER,Lancaster,2025-10-01,2025-10-31,001,Nitrate-Nitrite as N,35.4,20.0,mg/L,Daily Maximum,2025-10-31,>,Violation of permit condition,Effluent,
PA0261661,COMFORT INN WASTEWATER,Lancaster,2025-10-01,2025-10-31,001,Total Nitrogen,32.9,5.0,mg/L,Average Monthly,2025-10-31,>,Violation of permit condition,Effluent,
PA0261661,COMFORT INN WASTEWATER,Lancaster,2025-10-01,2025-10-31,001,Total Nitrogen,37.9,10.0,mg/L,Daily Maximum,2025-10-31,>,Violation of permit condition,Effluent,
PA0261661,COMFORT INN WASTEWATER,Lancaster,2025-11-01,2025-11-30,001,Nitrate-Nitrite as N,20.4,10.0,mg/L,Average Monthly,2025-11-30,>,Violation of permit condition,Effluent,
PA0261661,COMFORT INN WASTEWATER,Lancaster,2025-11-01,2025-11-30,001,Nitrate-Nitrite as N,20.4,20.0,mg/L,Daily Maximum,2025-11-30,>,Violation of permit condition,Effluent,
PA0261661,COMFORT INN WASTEWATER,Lancaster,2025-11-01,2025-11-30,001,Total Nitrogen,21.0,5.0,mg/L,Average Monthly,2025-11-30,>,Violation of permit condition,Effluent,
PA0261661,COMFORT INN WASTEWATER,Lancaster,2025-11-01,2025-11-30,001,Total Nitrogen,21.1,10.0,mg/L,Daily Maximum,2025-11-30,>,Violation of permit condition,Effluent,
PA0261661,COMFORT INN WASTEWATER,Lancaster,2025-11-01,2025-11-30,001,Total Suspended Solids,11.0,10.0,mg/L,Average Monthly,2025-11-30,>,Violation of permit condition,Effluent,
PA0261661,COMFORT INN WASTEWATER,Lancaster,2025-11-01,2025-11-30,001,Total Suspended Solids,29.0,20.0,mg/L,Daily Maximum,2025-11-30,>,Violation of permit condition,Effluent,
PA0261661,COMFORT INN WASTEWATER,Lancaster,2025-12-01,2025-12-31,001,Nitrate-Nitrite as N,28.4,10.0,mg/L,Average Monthly,2025-12-31,>,Violation of permit condition,Effluent,
PA0261661,COMFORT INN WASTEWATER,Lancaster,2025-12-01,2025-12-31,001,Nitrate-Nitrite as N,29.4,20.0,mg/L,Daily Maximum,2025-12-31,>,Violation of permit condition,Effluent,
PA0261661,COMFORT INN WASTEWATER,Lancaster,2025-12-01,2025-12-31,001,Total Nitrogen,30.04,5.0,mg/L,Average Monthly,2025-12-31,>,Violation of permit condition,Effluent,
PA0261661,COMFORT INN WASTEWATER,Lancaster,2025-12-01,2025-12-31,001,Total Nitrogen,30.18,10.0,mg/L,Daily Maximum,2025-12-31,>,Violation of permit condition,Effluent,
PA0261661,COMFORT INN WASTEWATER,Lancaster,2026-01-01,2026-01-31,001,Nitrate-Nitrite as N,26.9,10.0,mg/L,Average Monthly,2026-01-31,>,Violation of permit condition,Effluent,
PA0261661,COMFORT INN WASTEWATER,Lancaster,2026-01-01,2026-01-31,001,Nitrate-Nitrite as N,28.4,20.0,mg/L,Daily Maximum,2026-01-31,>,Violation of permit condition,Effluent,
PA0261661,COMFORT INN WASTEWATER,Lancaster,2026-01-01,2026-01-31,001,Total Nitrogen,28.4,5.0,mg/L,Average Monthly,2026-01-31,>,Violation of permit condition,Effluent,
PA0261661,COMFORT INN WASTEWATER,Lancaster,2026-01-01,2026-01-31,001,Total Nitrogen,28.9,10.0,mg/L,Daily Maximum,2026-01-31,>,Violation of permit condition,Effluent,
PA0266671,SFS SHERMANS CREEK INN,Perry,2025-07-01,2025-07-31,001,Biochemical Oxygen Demand (BOD5),300.0,10.0,mg/L,Average Monthly,2025-07-31,>,Violation of permit condition,Effluent,
PA0266671,SFS SHERMANS CREEK INN,Perry,2025-07-01,2025-07-31,001,Biochemical Oxygen Demand (BOD5),300.0,20.0,mg/L,Instantaneous Maximum,2025-07-31,>,Violation of permit condition,Effluent,
PA0266671,SFS SHERMANS CREEK INN,Perry,2025-07-01,2025-07-31,001,Fecal Coliform,48840.0,200.0,No./100 ml,Geometric Mean,2025-07-31,>,Violation of permit condition,Effluent,
PA0266671,SFS SHERMANS CREEK INN,Perry,2025-07-01,2025-07-31,001,Total Suspended Solids,64.0,10.0,mg/L,Average Monthly,2025-07-31,>,Violation of permit condition,Effluent,
PA0266671,SFS SHERMANS CREEK INN,Perry,2025-08-01,2025-08-31,001,Biochemical Oxygen Demand (BOD5),35.0,10.0,mg/L,Average Monthly,2025-08-31,>,Violation of permit condition,Effluent,
PA0266671,SFS SHERMANS CREEK INN,Perry,2025-08-01,2025-08-31,001,Biochemical Oxygen Demand (BOD5),35.0,20.0,mg/L,Instantaneous Maximum,2025-08-31,>,Violation of permit condition,Effluent,
PA0266671,SFS SHERMANS CREEK INN,Perry,2025-08-01,2025-08-31,001,Total Suspended Solids,17.0,10.0,mg/L,Average Monthly,2025-08-31,>,Violation of permit condition,Effluent,
PA0266671,SFS SHERMANS CREEK INN,Perry,2025-09-01,2025-09-30,001,Biochemical Oxygen Demand (BOD5),60.0,10.0,mg/L,Average Monthly,2025-09-30,>,Violation of permit condition,Effluent,
PA0266671,SFS SHERMANS CREEK INN,Perry,2025-09-01,2025-09-30,001,Biochemical Oxygen Demand (BOD5),60.0,20.0,mg/L,Instantaneous Maximum,2025-09-30,>,Violation of permit condition,Effluent,
PA0266671,SFS SHERMANS CREEK INN,Perry,2025-09-01,2025-09-30,001,Fecal Coliform,1841.6,200.0,No./100 ml,Geometric Mean,2025-09-30,>,Violation of permit condition,Effluent,
PA0266671,SFS SHERMANS CREEK INN,Perry,2025-09-01,2025-09-30,001,Total Suspended Solids,42.0,10.0,mg/L,Average Monthly,2025-09-30,>,Violation of permit condition,Effluent,
PA0266671,SFS SHERMANS CREEK INN,Perry,2025-10-01,2025-10-31,001,Biochemical Oxygen Demand (BOD5),49.2,10.0,mg/L,Average Monthly,2025-10-31,>,Violation of permit condition,Effluent,
PA0266671,SFS SHERMANS CREEK INN,Perry,2025-10-01,2025-10-31,001,Biochemical Oxygen Demand (BOD5),49.2,20.0,mg/L,Instantaneous Maximum,2025-10-31,>,Violation of permit condition,Effluent,
PA0266671,SFS SHERMANS CREEK INN,Perry,2025-10-01,2025-10-31,001,Fecal Coliform,204.6,200.0,No./100 ml,Geometric Mean,2025-10-31,>,Violation of permit condition,Effluent,
PA0266671,SFS SHERMANS CREEK INN,Perry,2025-10-01,2025-10-31,001,Total Suspended Solids,14.8,10.0,mg/L,Average Monthly,2025-10-31,>,Violation of permit condition,Effluent,
PA0266671,SFS SHERMANS CREEK INN,Perry,2025-11-01,2025-11-30,001,Biochemical Oxygen Demand (BOD5),300.0,10.0,mg/L,Average Monthly,2025-11-30,>,Violation of permit condition,Effluent,
PA0266671,SFS SHERMANS CREEK INN,Perry,2025-11-01,2025-11-30,001,Biochemical Oxygen Demand (BOD5),300.0,20.0,mg/L,Instantaneous Maximum,2025-11-30,>,Violation of permit condition,Effluent,
PA0266671,SFS SHERMANS CREEK INN,Perry,2025-11-01,2025-11-30,001,Fecal Coliform,2419.6,200.0,No./100 ml,Geometric Mean,2025-11-30,>,Violation of permit condition,Effluent,
PA0266671,SFS SHERMANS CREEK INN,Perry,2025-11-01,2025-11-30,001,Total Suspended Solids,29.0,10.0,mg/L,Average Monthly,2025-11-30,>,Violation of permit condition,Effluent,
PA0266671,SFS SHERMANS CREEK INN,Perry,2025-12-01,2025-12-31,001,Biochemical Oxygen Demand (BOD5),300.0,10.0,mg/L,Average Monthly,2025-12-31,>,Violation of permit condition,Effluent,
PA0266671,SFS SHERMANS CREEK INN,Perry,2025-12-01,2025-12-31,001,Biochemical Oxygen Demand (BOD5),300.0,20.0,mg/L,Instantaneous Maximum,2025-12-31,>,Violation of permit condition,Effluent,
PA0266671,SFS SHERMANS CREEK INN,Perry,2025-12-01,2025-12-31,001,Fecal Coliform,2419.6,200.0,No./100 ml,Geometric Mean,2025-12-31,>,Violation of permit condition,Effluent,
PA0266671,SFS SHERMANS CREEK INN,Perry,2025-12-01,2025-12-31,001,Total Suspended Solids,29.0,10.0,mg/L,Average Monthly,2025-12-31,>,Violation of permit condition,Effluent,
