PERMIT_NUMBER,NAICS_CODE,NAICS_DESC,SIC_CODE,SIC_DESC
WY0000005,924120,Administration of Conservation Programs,,
WY0000019,,,0921,Fish Hatcheries And Preserves
WY0000051,,,1221,Bituminous Coal And Lignite - Surface
WY0000094,,,0921,Fish Hatcheries And Preserves
WY0000116,,,4941,Water Supply
WY0000175,,,1311,Crude Petroleum And Natural Gas
WY0000221,211111,Crude Petroleum and Natural Gas Extraction,1311,Crude Petroleum And Natural Gas
WY0000230,,,1311,Crude Petroleum And Natural Gas
WY0000248,,,4922,Natural Gas Transmission
WY0000256,,,1311,Crude Petroleum And Natural Gas
WY0000264,,,1311,Crude Petroleum And Natural Gas
WY0000272,,,1311,Crude Petroleum And Natural Gas
WY0000281,,,1382,Oil And Gas Exploration Services
WY0000299,,,1311,Crude Petroleum And Natural Gas
WY0000353,,,1311,Crude Petroleum And Natural Gas
WY0000388,,,1311,Crude Petroleum And Natural Gas
WY0000418,,,2063,Beet Sugar
WY0000442,339999,All Other Miscellaneous Manufacturing,3999,Manufacturing Industries
WY0000451,,,2911,Petroleum Refining
WY0000469,211111,Crude Petroleum and Natural Gas Extraction,1311,Crude Petroleum And Natural Gas
WY0000493,,,1311,Crude Petroleum And Natural Gas
WY0000507,,,1311,Crude Petroleum And Natural Gas
WY0000647,,,4013,Switching And Terminal Services
WY0000663,,,1311,Crude Petroleum And Natural Gas
WY0000671,,,1311,Crude Petroleum And Natural Gas
WY0000680,,,1311,Crude Petroleum And Natural Gas
WY0000710,,,1311,Crude Petroleum And Natural Gas
WY0000736,,,1311,Crude Petroleum And Natural Gas
WY0000744,,,1311,Crude Petroleum And Natural Gas
WY0000761,,,1311,Crude Petroleum And Natural Gas
WY0000779,211111,Crude Petroleum and Natural Gas Extraction,1311,Crude Petroleum And Natural Gas
WY0000787,,,1311,Crude Petroleum And Natural Gas
WY0000795,,,1311,Crude Petroleum And Natural Gas
WY0000817,,,1311,Crude Petroleum And Natural Gas
WY0000825,,,1311,Crude Petroleum And Natural Gas
WY0000841,,,1311,Crude Petroleum And Natural Gas
WY0000868,,,1311,Crude Petroleum And Natural Gas
WY0000906,,,1311,Crude Petroleum And Natural Gas
WY0000914,,,1311,Crude Petroleum And Natural Gas
WY0000922,211111,Crude Petroleum and Natural Gas Extraction,1311,Crude Petroleum And Natural Gas
WY0000949,211111,Crude Petroleum and Natural Gas Extraction,1311,Crude Petroleum And Natural Gas
WY0000965,,,1311,Crude Petroleum And Natural Gas
WY0000973,,,1311,Crude Petroleum And Natural Gas
WY0001031,,,1311,Crude Petroleum And Natural Gas
WY0001163,,,2911,Petroleum Refining
WY0001171,,,1311,Crude Petroleum And Natural Gas
WY0001198,,,1382,Oil And Gas Exploration Services
WY0001210,,,1311,Crude Petroleum And Natural Gas
WY0001261,,,1221,Bituminous Coal And Lignite - Surface
WY0001287,,,2911,Petroleum Refining
WY0001350,,,1311,Crude Petroleum And Natural Gas
WY0001384,,,4911,Electric Services
WY0001392,,,4941,Water Supply
WY0001414,,,1311,Crude Petroleum And Natural Gas
WY0001473,,,1311,Crude Petroleum And Natural Gas
WY0001481,,,1311,Crude Petroleum And Natural Gas
WY0001490,,,1311,Crude Petroleum And Natural Gas
WY0001503,,,1311,Crude Petroleum And Natural Gas
WY0001520,,,1311,Crude Petroleum And Natural Gas
WY0001554,,,1311,Crude Petroleum And Natural Gas
WY0001589,,,1311,Crude Petroleum And Natural Gas
WY0001597,,,1311,Crude Petroleum And Natural Gas
WY0001619,,,1311,Crude Petroleum And Natural Gas
WY0001627,,,1311,Crude Petroleum And Natural Gas
WY0001635,,,1311,Crude Petroleum And Natural Gas
WY0001643,,,1311,Crude Petroleum And Natural Gas
WY0001678,,,1311,Crude Petroleum And Natural Gas
WY0001686,,,1311,Crude Petroleum And Natural Gas
WY0001732,,,1311,Crude Petroleum And Natural Gas
WY0001759,,,1311,Crude Petroleum And Natural Gas
WY0001864,,,1311,Crude Petroleum And Natural Gas
WY0001899,,,1311,Crude Petroleum And Natural Gas
WY0001902,,,1311,Crude Petroleum And Natural Gas
WY0001911,,,1311,Crude Petroleum And Natural Gas
WY0001988,,,0921,Fish Hatcheries And Preserves
WY0002003,,,0921,Fish Hatcheries And Preserves
WY0002011,,,0921,Fish Hatcheries And Preserves
WY0002046,,,0921,Fish Hatcheries And Preserves
WY0002054,,,0921,Fish Hatcheries And Preserves
WY0002062,,,1311,Crude Petroleum And Natural Gas
WY0002194,,,1311,Crude Petroleum And Natural Gas
WY0002241,,,1311,Crude Petroleum And Natural Gas
WY0002402,,,1311,Crude Petroleum And Natural Gas
WY0002437,,,1311,Crude Petroleum And Natural Gas
WY0002445,,,1311,Crude Petroleum And Natural Gas
WY0002500,,,1311,Crude Petroleum And Natural Gas
WY0002593,,,1311,Crude Petroleum And Natural Gas
WY0002666,,,1311,Crude Petroleum And Natural Gas
WY0002721,,,1311,Crude Petroleum And Natural Gas
WY0002941,,,1311,Crude Petroleum And Natural Gas
WY0002984,,,1311,Crude Petroleum And Natural Gas
WY0003051,,,1311,Crude Petroleum And Natural Gas
WY0003115,,,4911,Electric Services
WY0003140,,,1311,Crude Petroleum And Natural Gas
WY0003221,,,1311,Crude Petroleum And Natural Gas
WY0003298,,,1311,Crude Petroleum And Natural Gas
WY0003301,,,1311,Crude Petroleum And Natural Gas
WY0003514,,,1221,Bituminous Coal And Lignite - Surface
WY0020010,,,4952,Sewerage Systems
WY0020028,,,4952,Sewerage Systems
WY0020044,,,4952,Sewerage Systems
WY0020052,,,4952,Sewerage Systems
WY0020061,,,4952,Sewerage Systems
WY0020095,,,4952,Sewerage Systems
WY0020109,,,4952,Sewerage Systems
WY0020117,,,4952,Sewerage Systems
WY0020125,,,4952,Sewerage Systems
WY0020133,,,4952,Sewerage Systems
WY0020168,,,4952,Sewerage Systems
WY0020176,,,4952,Sewerage Systems
WY0020184,,,4952,Sewerage Systems
WY0020192,,,4952,Sewerage Systems
WY0020222,,,4952,Sewerage Systems
WY0020231,,,4952,Sewerage Systems
WY0020265,,,1311,Crude Petroleum And Natural Gas
WY0020281,,,4952,Sewerage Systems
WY0020311,,,4911,Electric Services
WY0020320,,,4952,Sewerage Systems
WY0020338,211111,Crude Petroleum and Natural Gas Extraction,1311,Crude Petroleum And Natural Gas
WY0020389,,,4952,Sewerage Systems
WY0020397,,,4952,Sewerage Systems
WY0020427,,,4952,Sewerage Systems
WY0020435,,,4952,Sewerage Systems
WY0020443,,,4952,Sewerage Systems
WY0020451,,,4952,Sewerage Systems
WY0020508,,,1311,Crude Petroleum And Natural Gas
WY0020567,,,4952,Sewerage Systems
WY0020583,,,4952,Sewerage Systems
WY0020591,,,4952,Sewerage Systems
WY0020605,,,4952,Sewerage Systems
WY0020630,,,4952,Sewerage Systems
WY0020648,,,4952,Sewerage Systems
WY0020656,,,4952,Sewerage Systems
WY0020664,,,4952,Sewerage Systems
WY0020672,,,4952,Sewerage Systems
WY0020699,,,1311,Crude Petroleum And Natural Gas
WY0020745,,,4952,Sewerage Systems
WY0020834,,,4952,Sewerage Systems
WY0020931,,,4952,Sewerage Systems
WY0021024,,,4952,Sewerage Systems
WY0021032,,,4952,Sewerage Systems
WY0021075,,,4952,Sewerage Systems
WY0021440,,,4952,Sewerage Systems
WY0021458,,,4952,Sewerage Systems
WY0021491,,,4952,Sewerage Systems
WY0021580,,,4952,Sewerage Systems
WY0021652,,,4952,Sewerage Systems
WY0021733,,,4952,Sewerage Systems
WY0021741,,,4952,Sewerage Systems
WY0021806,,,4952,Sewerage Systems
WY0021831,,,4952,Sewerage Systems
WY0021890,,,4952,Sewerage Systems
WY0021920,,,4952,Sewerage Systems
WY0021938,,,4952,Sewerage Systems
WY0021954,,,4952,Sewerage Systems
WY0021997,,,4952,Sewerage Systems
WY0022063,,,4952,Sewerage Systems
WY0022071,,,4952,Sewerage Systems
WY0022080,,,4952,Sewerage Systems
WY0022128,,,4952,Sewerage Systems
WY0022144,,,0211,Beef Cattle Feedlots
WY0022161,,,4952,Sewerage Systems
WY0022209,,,4952,Sewerage Systems
WY0022306,,,0211,Beef Cattle Feedlots
WY0022357,,,4952,Sewerage Systems
WY0022373,,,4952,Sewerage Systems
WY0022381,,,4952,Sewerage Systems
WY0022454,,,1311,Crude Petroleum And Natural Gas
WY0022501,,,0211,Beef Cattle Feedlots
WY0022578,,,1311,Crude Petroleum And Natural Gas
WY0022756,,,0211,Beef Cattle Feedlots
WY0022829,,,1311,Crude Petroleum And Natural Gas
WY0022837,,,1311,Crude Petroleum And Natural Gas
WY0022888,,,4952,Sewerage Systems
WY0022896,,,4952,Sewerage Systems
WY0022926,,,1221,Bituminous Coal And Lignite - Surface
WY0022934,,,4952,Sewerage Systems
WY0023221,,,1311,Crude Petroleum And Natural Gas
WY0023248,,,1311,Crude Petroleum And Natural Gas
WY0023311,,,1311,Crude Petroleum And Natural Gas
WY0023400,,,4952,Sewerage Systems
WY0023442,,,4952,Sewerage Systems
WY0023507,,,1311,Crude Petroleum And Natural Gas
WY0023566,,,1311,Crude Petroleum And Natural Gas
WY0023612,,,4941,Water Supply
WY0023761,,,1221,Bituminous Coal And Lignite - Surface
WY0023825,,,1222,Bituminous Coal - Underground
WY0023914,,,1311,Crude Petroleum And Natural Gas
WY0023990,,,1311,Crude Petroleum And Natural Gas
WY0024023,,,1311,Crude Petroleum And Natural Gas
WY0024031,,,1221,Bituminous Coal And Lignite - Surface
WY0024091,,,1221,Bituminous Coal And Lignite - Surface
WY0024171,,,1311,Crude Petroleum And Natural Gas
WY0024180,,,1311,Crude Petroleum And Natural Gas
WY0024198,,,1311,Crude Petroleum And Natural Gas
WY0024201,,,1311,Crude Petroleum And Natural Gas
WY0024261,,,1311,Crude Petroleum And Natural Gas
WY0024317,,,1311,Crude Petroleum And Natural Gas
WY0024368,,,1311,Crude Petroleum And Natural Gas
WY0024376,,,1311,Crude Petroleum And Natural Gas
WY0024414,,,1321,Natural Gas Liquids
WY0024422,,,1311,Crude Petroleum And Natural Gas
WY0024503,,,1311,Crude Petroleum And Natural Gas
WY0024651,,,4952,Sewerage Systems
WY0024660,,,1311,Crude Petroleum And Natural Gas
WY0024686,,,1311,Crude Petroleum And Natural Gas
WY0024708,,,4952,Sewerage Systems
WY0024716,,,1311,Crude Petroleum And Natural Gas
WY0024741,,,1311,Crude Petroleum And Natural Gas
WY0024759,,,1311,Crude Petroleum And Natural Gas
WY0024864,,,1311,Crude Petroleum And Natural Gas
WY0024945,211111,Crude Petroleum and Natural Gas Extraction,1311,Crude Petroleum And Natural Gas
WY0024953,211111,Crude Petroleum and Natural Gas Extraction,1311,Crude Petroleum And Natural Gas
WY0024961,211111,Crude Petroleum and Natural Gas Extraction,1311,Crude Petroleum And Natural Gas
WY0025011,,,1311,Crude Petroleum And Natural Gas
WY0025054,,,1311,Crude Petroleum And Natural Gas
WY0025071,,,1311,Crude Petroleum And Natural Gas
WY0025101,,,1311,Crude Petroleum And Natural Gas
WY0025127,,,1311,Crude Petroleum And Natural Gas
WY0025232,211111,Crude Petroleum and Natural Gas Extraction,1311,Crude Petroleum And Natural Gas
WY0025283,,,1311,Crude Petroleum And Natural Gas
WY0025470,,,1311,Crude Petroleum And Natural Gas
WY0025607,211111,Crude Petroleum and Natural Gas Extraction,1311,Crude Petroleum And Natural Gas
WY0025712,,,1311,Crude Petroleum And Natural Gas
WY0025721,,,1311,Crude Petroleum And Natural Gas
WY0025755,,,1221,Bituminous Coal And Lignite - Surface
WY0025780,,,1311,Crude Petroleum And Natural Gas
WY0025879,211111,Crude Petroleum and Natural Gas Extraction,1311,Crude Petroleum And Natural Gas
WY0025887,,,1311,Crude Petroleum And Natural Gas
WY0025895,,,4952,Sewerage Systems
WY0025950,,,1094,Uranium-Radium-Vanadium Ores
WY0025992,,,4952,Sewerage Systems
WY0026018,,,1221,Bituminous Coal And Lignite - Surface
WY0026026,,,1311,Crude Petroleum And Natural Gas
WY0026051,,,1311,Crude Petroleum And Natural Gas
WY0026131,,,1311,Crude Petroleum And Natural Gas
WY0026140,,,1311,Crude Petroleum And Natural Gas
WY0026239,,,1311,Crude Petroleum And Natural Gas
WY0026310,,,1311,Crude Petroleum And Natural Gas
WY0026417,,,1311,Crude Petroleum And Natural Gas
WY0026433,,,4952,Sewerage Systems
WY0026441,,,4952,Sewerage Systems
WY0026573,,,1311,Crude Petroleum And Natural Gas
WY0026590,,,1311,Crude Petroleum And Natural Gas
WY0026611,,,1311,Crude Petroleum And Natural Gas
WY0026701,,,1311,Crude Petroleum And Natural Gas
WY0026719,,,1311,Crude Petroleum And Natural Gas
WY0026808,,,1311,Crude Petroleum And Natural Gas
WY0026816,,,1311,Crude Petroleum And Natural Gas
WY0026859,,,1311,Crude Petroleum And Natural Gas
WY0026867,,,1311,Crude Petroleum And Natural Gas
WY0026972,,,1311,Crude Petroleum And Natural Gas
WY0027081,,,1311,Crude Petroleum And Natural Gas
WY0027197,,,1311,Crude Petroleum And Natural Gas
WY0027308,,,1311,Crude Petroleum And Natural Gas
WY0027316,,,1311,Crude Petroleum And Natural Gas
WY0027367,,,1311,Crude Petroleum And Natural Gas
WY0027383,,,1311,Crude Petroleum And Natural Gas
WY0027413,,,1311,Crude Petroleum And Natural Gas
WY0027731,,,1311,Crude Petroleum And Natural Gas
WY0027782,,,1311,Crude Petroleum And Natural Gas
WY0028002,,,1311,Crude Petroleum And Natural Gas
WY0028045,,,4952,Sewerage Systems
WY0028126,,,1311,Crude Petroleum And Natural Gas
WY0028177,,,1221,Bituminous Coal And Lignite - Surface
WY0028193,,,1221,Bituminous Coal And Lignite - Surface
WY0028231,,,1311,Crude Petroleum And Natural Gas
WY0028274,,,1311,Crude Petroleum And Natural Gas
WY0028479,,,1221,Bituminous Coal And Lignite - Surface
WY0028576,,,4581,"Airports, Flying Fields, & Services"
WY0028665,,,4952,Sewerage Systems
WY0028860,,,1311,Crude Petroleum And Natural Gas
WY0028886,,,1221,Bituminous Coal And Lignite - Surface
WY0030198,,,1221,Bituminous Coal And Lignite - Surface
WY0030261,,,1221,Bituminous Coal And Lignite - Surface
WY0030317,,,1221,Bituminous Coal And Lignite - Surface
WY0030350,,,1221,Bituminous Coal And Lignite - Surface
WY0030414,,,1311,Crude Petroleum And Natural Gas
WY0030449,,,4952,Sewerage Systems
WY0030481,,,1311,Crude Petroleum And Natural Gas
WY0030589,,,1311,Crude Petroleum And Natural Gas
WY0030627,,,1311,Crude Petroleum And Natural Gas
WY0030911,,,1311,Crude Petroleum And Natural Gas
WY0031305,,,1311,Crude Petroleum And Natural Gas
WY0031348,,,4952,Sewerage Systems
WY0031461,,,1311,Crude Petroleum And Natural Gas
WY0031704,,,1311,Crude Petroleum And Natural Gas
WY0031712,,,4952,Sewerage Systems
WY0031721,,,4941,Water Supply
WY0031739,,,1311,Crude Petroleum And Natural Gas
WY0031771,,,1311,Crude Petroleum And Natural Gas
WY0031976,,,0211,Beef Cattle Feedlots
WY0032051,,,1311,Crude Petroleum And Natural Gas
WY0032212,,,4952,Sewerage Systems
WY0032255,,,1311,Crude Petroleum And Natural Gas
WY0032468,,,0211,Beef Cattle Feedlots
WY0032492,,,1422,Crushed And Broken Limestone
WY0032522,,,4581,"Airports, Flying Fields, & Services"
WY0032565,,,1311,Crude Petroleum And Natural Gas
WY0032581,,,1311,Crude Petroleum And Natural Gas
WY0032590,,,4011,"Railroads, Line-Haul Operating"
WY0032620,,,1311,Crude Petroleum And Natural Gas
WY0032662,,,4952,Sewerage Systems
WY0032697,,,1311,Crude Petroleum And Natural Gas
WY0032760,,,1311,Crude Petroleum And Natural Gas
WY0032832,,,1311,Crude Petroleum And Natural Gas
WY0032859,,,1311,Crude Petroleum And Natural Gas
WY0032964,,,1221,Bituminous Coal And Lignite - Surface
WY0032999,,,1311,Crude Petroleum And Natural Gas
WY0033022,,,1311,Crude Petroleum And Natural Gas
WY0033065,,,1311,Crude Petroleum And Natural Gas
WY0033073,,,1311,Crude Petroleum And Natural Gas
WY0033081,,,1311,Crude Petroleum And Natural Gas
WY0033120,,,1311,Crude Petroleum And Natural Gas
WY0033138,,,1311,Crude Petroleum And Natural Gas
WY0033383,,,1311,Crude Petroleum And Natural Gas
WY0033502,,,1311,Crude Petroleum And Natural Gas
WY0033511,,,1311,Crude Petroleum And Natural Gas
WY0033596,,,1311,Crude Petroleum And Natural Gas
WY0033642,,,1094,Uranium-Radium-Vanadium Ores
WY0033715,,,4952,Sewerage Systems
WY0033740,211111,Crude Petroleum and Natural Gas Extraction,1311,Crude Petroleum And Natural Gas
WY0033898,,,1311,Crude Petroleum And Natural Gas
WY0033944,,,5541,Gasoline Service Stations
WY0033952,,,1094,Uranium-Radium-Vanadium Ores
WY0034002,,,1311,Crude Petroleum And Natural Gas
WY0034070,,,1311,Crude Petroleum And Natural Gas
WY0034142,,,1311,Crude Petroleum And Natural Gas
WY0034151,,,1311,Crude Petroleum And Natural Gas
WY0034169,,,1311,Crude Petroleum And Natural Gas
WY0034193,,,1311,Crude Petroleum And Natural Gas
WY0034207,211112,Natural Gas Liquid Extraction,1321,Natural Gas Liquids
WY0034266,,,1423,Crushed And Broken Granite
WY0034282,,,1311,Crude Petroleum And Natural Gas
WY0034304,,,1311,Crude Petroleum And Natural Gas
WY0034592,,,1311,Crude Petroleum And Natural Gas
WY0034606,,,4952,Sewerage Systems
WY0034673,,,1311,Crude Petroleum And Natural Gas
WY0034681,,,1311,Crude Petroleum And Natural Gas
WY0034789,,,1311,Crude Petroleum And Natural Gas
WY0034959,,,1311,Crude Petroleum And Natural Gas
WY0034983,,,1311,Crude Petroleum And Natural Gas
WY0035246,,,5541,Gasoline Service Stations
WY0035271,,,1311,Crude Petroleum And Natural Gas
WY0035327,,,1311,Crude Petroleum And Natural Gas
WY0035335,,,5541,Gasoline Service Stations
WY0035360,,,3275,Gypsum Products
WY0035394,,,1311,Crude Petroleum And Natural Gas
WY0035416,,,0211,Beef Cattle Feedlots
WY0035491,,,1311,Crude Petroleum And Natural Gas
WY0035513,,,1311,Crude Petroleum And Natural Gas
WY0035521,,,1311,Crude Petroleum And Natural Gas
WY0035599,,,1311,Crude Petroleum And Natural Gas
WY0035602,,,2899,Chemical Preparations
WY0035611,,,4952,Sewerage Systems
WY0035629,,,4619,Pipelines
WY0035661,,,4952,Sewerage Systems
WY0035688,,,0921,Fish Hatcheries And Preserves
WY0035700,,,4952,Sewerage Systems
WY0035726,,,1311,Crude Petroleum And Natural Gas
WY0035769,,,0211,Beef Cattle Feedlots
WY0035777,,,4959,Sanitary Services
WY0035793,,,4952,Sewerage Systems
WY0035840,,,1311,Crude Petroleum And Natural Gas
WY0035874,,,0211,Beef Cattle Feedlots
WY0035980,,,4941,Water Supply
WY0036064,,,1311,Crude Petroleum And Natural Gas
WY0036153,,,4952,Sewerage Systems
WY0036161,,,0211,Beef Cattle Feedlots
WY0036170,,,1311,Crude Petroleum And Natural Gas
WY0036196,,,4925,Gas Production And/Or Distribution
WY0036200,,,1311,Crude Petroleum And Natural Gas
WY0036234,,,1311,Crude Petroleum And Natural Gas
WY0036251,,,4952,Sewerage Systems
WY0036412,,,9999,Nonclassifiable Establishments
WY0036421,,,1321,Natural Gas Liquids
WY0036439,,,1311,Crude Petroleum And Natural Gas
WY0036617,,,1311,Crude Petroleum And Natural Gas
WY0036731,,,1311,Crude Petroleum And Natural Gas
WY0036773,,,1311,Crude Petroleum And Natural Gas
WY0036790,,,1311,Crude Petroleum And Natural Gas
WY0037095,,,1311,Crude Petroleum And Natural Gas
WY0037427,,,1311,Crude Petroleum And Natural Gas
WY0037435,,,1311,Crude Petroleum And Natural Gas
WY0037451,,,1311,Crude Petroleum And Natural Gas
WY0037745,,,1311,Crude Petroleum And Natural Gas
WY0037770,,,1311,Crude Petroleum And Natural Gas
WY0037818,,,1311,Crude Petroleum And Natural Gas
WY0037877,,,1311,Crude Petroleum And Natural Gas
WY0037940,,,1311,Crude Petroleum And Natural Gas
WY0037974,,,1311,Crude Petroleum And Natural Gas
WY0038164,,,1311,Crude Petroleum And Natural Gas
WY0038326,,,1311,Crude Petroleum And Natural Gas
WY0038431,,,1311,Crude Petroleum And Natural Gas
WY0038784,,,1311,Crude Petroleum And Natural Gas
WY0039187,,,1311,Crude Petroleum And Natural Gas
WY0039209,,,0211,Beef Cattle Feedlots
WY0040151,,,1311,Crude Petroleum And Natural Gas
WY0040355,,,1311,Crude Petroleum And Natural Gas
WY0040401,,,0211,Beef Cattle Feedlots
WY0040568,,,1311,Crude Petroleum And Natural Gas
WY0041084,,,5541,Gasoline Service Stations
WY0041131,,,1311,Crude Petroleum And Natural Gas
WY0041785,,,1311,Crude Petroleum And Natural Gas
WY0041939,,,1311,Crude Petroleum And Natural Gas
WY0042048,,,1311,Crude Petroleum And Natural Gas
WY0042145,,,1311,Crude Petroleum And Natural Gas
WY0042340,,,1311,Crude Petroleum And Natural Gas
WY0042773,,,0211,Beef Cattle Feedlots
WY0043699,,,0211,Beef Cattle Feedlots
WY0043729,,,0211,Beef Cattle Feedlots
WY0043745,,,4952,Sewerage Systems
WY0043966,,,1311,Crude Petroleum And Natural Gas
WY0044067,,,1311,Crude Petroleum And Natural Gas
WY0044164,,,1311,Crude Petroleum And Natural Gas
WY0044237,,,1382,Oil And Gas Exploration Services
WY0044474,,,0211,Beef Cattle Feedlots
WY0044539,221310,Water Supply and Irrigation Systems,4941,Water Supply
WY0044580,221310,Water Supply and Irrigation Systems,4941,Water Supply
WY0045900,,,1311,Crude Petroleum And Natural Gas
WY0046001,,,1311,Crude Petroleum And Natural Gas
WY0046019,,,1311,Crude Petroleum And Natural Gas
WY0046221,,,1311,Crude Petroleum And Natural Gas
WY0046477,,,1311,Crude Petroleum And Natural Gas
WY0046531,,,1311,Crude Petroleum And Natural Gas
WY0046574,,,1311,Crude Petroleum And Natural Gas
WY0047007,,,1311,Crude Petroleum And Natural Gas
WY0047121,,,1311,Crude Petroleum And Natural Gas
WY0047171,,,1311,Crude Petroleum And Natural Gas
WY0047252,,,1311,Crude Petroleum And Natural Gas
WY0047287,,,1311,Crude Petroleum And Natural Gas
WY0047295,,,1382,Oil And Gas Exploration Services
WY0047376,,,1311,Crude Petroleum And Natural Gas
WY0047384,,,1311,Crude Petroleum And Natural Gas
WY0047635,,,1311,Crude Petroleum And Natural Gas
WY0047741,,,1311,Crude Petroleum And Natural Gas
WY0047813,,,1311,Crude Petroleum And Natural Gas
WY0047848,,,1311,Crude Petroleum And Natural Gas
WY0047856,,,1311,Crude Petroleum And Natural Gas
WY0048305,,,1311,Crude Petroleum And Natural Gas
WY0048321,,,1311,Crude Petroleum And Natural Gas
WY0048372,,,1311,Crude Petroleum And Natural Gas
WY0048381,,,1311,Crude Petroleum And Natural Gas
WY0048488,,,4952,Sewerage Systems
WY0048526,,,1311,Crude Petroleum And Natural Gas
WY0048551,,,1311,Crude Petroleum And Natural Gas
WY0048739,,,0211,Beef Cattle Feedlots
WY0048755,,,1311,Crude Petroleum And Natural Gas
WY0048763,,,1311,Crude Petroleum And Natural Gas
WY0048810,,,5171,Petroleum Bulk Stations & Terminals
WY0048836,,,1311,Crude Petroleum And Natural Gas
WY0048984,,,1311,Crude Petroleum And Natural Gas
WY0049034,,,1311,Crude Petroleum And Natural Gas
WY0049115,,,1311,Crude Petroleum And Natural Gas
WY0049158,,,1311,Crude Petroleum And Natural Gas
WY0049204,,,1311,Crude Petroleum And Natural Gas
WY0049221,,,1311,Crude Petroleum And Natural Gas
WY0049310,,,1311,Crude Petroleum And Natural Gas
WY0049336,,,1311,Crude Petroleum And Natural Gas
WY0049344,,,1311,Crude Petroleum And Natural Gas
WY0049352,,,1311,Crude Petroleum And Natural Gas
WY0049361,,,1311,Crude Petroleum And Natural Gas
WY0049395,,,1311,Crude Petroleum And Natural Gas
WY0049417,,,1311,Crude Petroleum And Natural Gas
WY0049484,,,9999,Nonclassifiable Establishments
WY0049646,,,1311,Crude Petroleum And Natural Gas
WY0049662,,,1311,Crude Petroleum And Natural Gas
WY0049671,,,1311,Crude Petroleum And Natural Gas
WY0049697,,,1311,Crude Petroleum And Natural Gas
WY0049778,,,1311,Crude Petroleum And Natural Gas
WY0049859,,,1311,Crude Petroleum And Natural Gas
WY0050016,,,0211,Beef Cattle Feedlots
WY0050199,,,1311,Crude Petroleum And Natural Gas
WY0050270,,,1311,Crude Petroleum And Natural Gas
WY0050326,,,0211,Beef Cattle Feedlots
WY0050351,,,1311,Crude Petroleum And Natural Gas
WY0050369,,,1311,Crude Petroleum And Natural Gas
WY0050407,,,1311,Crude Petroleum And Natural Gas
WY0050491,,,1311,Crude Petroleum And Natural Gas
WY0050610,,,1311,Crude Petroleum And Natural Gas
WY0050776,,,1311,Crude Petroleum And Natural Gas
WY0050865,,,1311,Crude Petroleum And Natural Gas
WY0050938,,,1311,Crude Petroleum And Natural Gas
WY0050946,,,1311,Crude Petroleum And Natural Gas
WY0050954,,,0211,Beef Cattle Feedlots
WY0050989,,,1311,Crude Petroleum And Natural Gas
WY0051047,,,0211,Beef Cattle Feedlots
WY0051128,,,1311,Crude Petroleum And Natural Gas
WY0051144,,,1311,Crude Petroleum And Natural Gas
WY0051217,,,1311,Crude Petroleum And Natural Gas
WY0051241,,,1311,Crude Petroleum And Natural Gas
WY0051276,,,1311,Crude Petroleum And Natural Gas
WY0051349,,,1311,Crude Petroleum And Natural Gas
WY0051446,,,1311,Crude Petroleum And Natural Gas
WY0051578,,,1311,Crude Petroleum And Natural Gas
WY0051659,,,1311,Crude Petroleum And Natural Gas
WY0051713,,,1311,Crude Petroleum And Natural Gas
WY0051837,,,1311,Crude Petroleum And Natural Gas
WY0051870,,,1311,Crude Petroleum And Natural Gas
WY0051888,,,1311,Crude Petroleum And Natural Gas
WY0051896,,,1311,Crude Petroleum And Natural Gas
WY0051900,,,1221,Bituminous Coal And Lignite - Surface
WY0051918,,,1311,Crude Petroleum And Natural Gas
WY0051926,,,1311,Crude Petroleum And Natural Gas
WY0052001,,,1311,Crude Petroleum And Natural Gas
WY0052035,,,1311,Crude Petroleum And Natural Gas
WY0052051,,,1311,Crude Petroleum And Natural Gas
WY0052108,,,1442,Construction Sand And Gravel
WY0052124,,,1311,Crude Petroleum And Natural Gas
WY0052221,,,1311,Crude Petroleum And Natural Gas
WY0052299,,,1311,Crude Petroleum And Natural Gas
WY0052329,,,1311,Crude Petroleum And Natural Gas
WY0052337,,,1311,Crude Petroleum And Natural Gas
WY0052370,,,1311,Crude Petroleum And Natural Gas
WY0052400,,,1311,Crude Petroleum And Natural Gas
WY0052426,,,1311,Crude Petroleum And Natural Gas
WY0052442,,,4952,Sewerage Systems
WY0052451,,,4952,Sewerage Systems
WY0052582,,,1311,Crude Petroleum And Natural Gas
WY0052728,,,1311,Crude Petroleum And Natural Gas
WY0052736,,,1311,Crude Petroleum And Natural Gas
WY0052761,,,1311,Crude Petroleum And Natural Gas
WY0052817,,,1311,Crude Petroleum And Natural Gas
WY0052833,,,1311,Crude Petroleum And Natural Gas
WY0052850,,,1311,Crude Petroleum And Natural Gas
WY0052922,,,1311,Crude Petroleum And Natural Gas
WY0053066,,,1311,Crude Petroleum And Natural Gas
WY0053091,,,1311,Crude Petroleum And Natural Gas
WY0053104,,,0211,Beef Cattle Feedlots
WY0053139,,,1311,Crude Petroleum And Natural Gas
WY0053252,,,1311,Crude Petroleum And Natural Gas
WY0053406,,,1311,Crude Petroleum And Natural Gas
WY0053414,,,4952,Sewerage Systems
WY0053457,,,1442,Construction Sand And Gravel
WY0053465,,,0211,Beef Cattle Feedlots
WY0053481,,,1311,Crude Petroleum And Natural Gas
WY0053554,,,1311,Crude Petroleum And Natural Gas
WY0053686,,,1311,Crude Petroleum And Natural Gas
WY0053724,,,1311,Crude Petroleum And Natural Gas
WY0053821,,,1311,Crude Petroleum And Natural Gas
WY0053830,,,1311,Crude Petroleum And Natural Gas
WY0053929,,,1311,Crude Petroleum And Natural Gas
WY0053937,,,1311,Crude Petroleum And Natural Gas
WY0053988,,,0211,Beef Cattle Feedlots
WY0054151,,,1311,Crude Petroleum And Natural Gas
WY0054160,,,4952,Sewerage Systems
WY0054224,,,1311,Crude Petroleum And Natural Gas
WY0054241,,,1311,Crude Petroleum And Natural Gas
WY0054275,,,1311,Crude Petroleum And Natural Gas
WY0054330,,,1311,Crude Petroleum And Natural Gas
WY0054348,,,1311,Crude Petroleum And Natural Gas
WY0054411,,,1311,Crude Petroleum And Natural Gas
WY0054496,,,1311,Crude Petroleum And Natural Gas
WY0054593,,,1311,Crude Petroleum And Natural Gas
WY0054631,,,1311,Crude Petroleum And Natural Gas
WY0054712,,,1311,Crude Petroleum And Natural Gas
WY0054739,,,1311,Crude Petroleum And Natural Gas
WY0054763,,,1311,Crude Petroleum And Natural Gas
WY0054798,,,1311,Crude Petroleum And Natural Gas
WY0054861,,,1311,Crude Petroleum And Natural Gas
WY0055018,,,1311,Crude Petroleum And Natural Gas
WY0055026,,,1311,Crude Petroleum And Natural Gas
WY0055034,,,1311,Crude Petroleum And Natural Gas
WY0055051,,,1311,Crude Petroleum And Natural Gas
WY0055115,,,1311,Crude Petroleum And Natural Gas
WY0055123,,,0211,Beef Cattle Feedlots
WY0055131,,,1311,Crude Petroleum And Natural Gas
WY0055140,,,1311,Crude Petroleum And Natural Gas
WY0055166,,,1311,Crude Petroleum And Natural Gas
WY0055191,,,1311,Crude Petroleum And Natural Gas
WY0055204,,,1311,Crude Petroleum And Natural Gas
WY0055212,,,1311,Crude Petroleum And Natural Gas
WY0055255,,,1311,Crude Petroleum And Natural Gas
WY0055301,,,1311,Crude Petroleum And Natural Gas
WY0055310,,,1311,Crude Petroleum And Natural Gas
WY0055441,,,1311,Crude Petroleum And Natural Gas
WY0055514,,,1311,Crude Petroleum And Natural Gas
WY0055549,,,1311,Crude Petroleum And Natural Gas
WY0055581,,,1311,Crude Petroleum And Natural Gas
WY0055590,,,1311,Crude Petroleum And Natural Gas
WY0055638,,,1311,Crude Petroleum And Natural Gas
WY0055689,,,1311,Crude Petroleum And Natural Gas
WY0055743,,,1311,Crude Petroleum And Natural Gas
WY0055751,,,1311,Crude Petroleum And Natural Gas
WY0055824,,,1311,Crude Petroleum And Natural Gas
WY0055964,,,1311,Crude Petroleum And Natural Gas
WY0056006,,,4952,Sewerage Systems
WY0056081,,,1311,Crude Petroleum And Natural Gas
WY0056111,,,1442,Construction Sand And Gravel
WY0056146,,,1311,Crude Petroleum And Natural Gas
WY0056162,,,1311,Crude Petroleum And Natural Gas
WY0056171,,,1311,Crude Petroleum And Natural Gas
WY0056201,,,1311,Crude Petroleum And Natural Gas
WY0056227,,,4952,Sewerage Systems
WY0056286,,,1311,Crude Petroleum And Natural Gas
WY0056308,,,2812,Alkalies And Chlorine
WY0056324,,,1311,Crude Petroleum And Natural Gas
WY0056359,,,1311,Crude Petroleum And Natural Gas
WY0056375,,,1311,Crude Petroleum And Natural Gas
WY0056448,,,1311,Crude Petroleum And Natural Gas
WY0056456,,,1311,Crude Petroleum And Natural Gas
WY0056499,,,4922,Natural Gas Transmission
WY0056502,,,1311,Crude Petroleum And Natural Gas
WY0056529,,,1311,Crude Petroleum And Natural Gas
WY0056626,,,4941,Water Supply
WY0056731,,,3561,Pumps And Pumping Equipment
WY0056804,,,1311,Crude Petroleum And Natural Gas
WY0056821,,,1321,Natural Gas Liquids
WY0056839,,,1311,Crude Petroleum And Natural Gas
WY0094170,,,1422,Crushed And Broken Limestone
WY0094242,,,1442,Construction Sand And Gravel
WY0094293,,,0211,Beef Cattle Feedlots
WY0094439,,,1311,Crude Petroleum And Natural Gas
WY0094463,,,1311,Crude Petroleum And Natural Gas
WY0094684,,,1311,Crude Petroleum And Natural Gas
WY0094790,,,1311,Crude Petroleum And Natural Gas
WY0095168,,,1311,Crude Petroleum And Natural Gas
WY0095184,,,1311,Crude Petroleum And Natural Gas
WY0095222,,,1311,Crude Petroleum And Natural Gas
WY0095443,,,1311,Crude Petroleum And Natural Gas
WY0095516,,,1311,Crude Petroleum And Natural Gas
WY0095567,,,1311,Crude Petroleum And Natural Gas
WY0095575,,,1311,Crude Petroleum And Natural Gas
WY0095923,,,1311,Crude Petroleum And Natural Gas
WY0096008,,,1311,Crude Petroleum And Natural Gas
WY0096113,,,1311,Crude Petroleum And Natural Gas
WY0096181,,,1311,Crude Petroleum And Natural Gas
WY0096407,,,1311,Crude Petroleum And Natural Gas
WY0096440,,,7999,Amusement And Recreation
WY0096466,,,1094,Uranium-Radium-Vanadium Ores
WY0096563,,,1459,Clay And Related Minerals
WY0096709,,,0211,Beef Cattle Feedlots
WY0096989,,,1311,Crude Petroleum And Natural Gas
WY0096999,213111,Drilling Oil and Gas Wells,1311,Crude Petroleum And Natural Gas
WY0097001,,,4911,Electric Services
WY0097002,,,1311,Crude Petroleum And Natural Gas
WY0097006,,,1094,Uranium-Radium-Vanadium Ores
WY0097007,,,1311,Crude Petroleum And Natural Gas
WY0097009,,,1311,Crude Petroleum And Natural Gas
WY0097013,,,1311,Crude Petroleum And Natural Gas
WY0097015,,,0211,Beef Cattle Feedlots
WY0097016,,,0211,Beef Cattle Feedlots
WY0097018,,,4941,Water Supply
WY0097026,,,1381,Drilling Oil And Gas Wells
WY0097027,,,1311,Crude Petroleum And Natural Gas
WY0097028,,,1311,Crude Petroleum And Natural Gas
WY0097030,,,0211,Beef Cattle Feedlots
WY0097031,,,1442,Construction Sand And Gravel
WYDW0001I,221310,Water Supply and Irrigation Systems,4941,Water Supply
WYDW0002I,,,4941,Water Supply
WYG589101,221320,Sewage Treatment Facilities,4952,Sewerage Systems
WYG589102,221320,Sewage Treatment Facilities,4952,Sewerage Systems
WYG589103,221320,Sewage Treatment Facilities,4952,Sewerage Systems
WYG589104,221320,Sewage Treatment Facilities,4952,Sewerage Systems
WYG589105,221320,Sewage Treatment Facilities,4952,Sewerage Systems
WYG589106,221320,Sewage Treatment Facilities,4952,Sewerage Systems
WYG589107,221320,Sewage Treatment Facilities,4952,Sewerage Systems
WYG650001,221320,Sewage Treatment Facilities,4952,Sewerage Systems
WYG650002,221320,Sewage Treatment Facilities,4952,Sewerage Systems
WYG650003,221320,Sewage Treatment Facilities,4952,Sewerage Systems
WYG650004,221320,Sewage Treatment Facilities,4952,Sewerage Systems
WYG650005,221320,Sewage Treatment Facilities,4952,Sewerage Systems
WYG650006,221320,Sewage Treatment Facilities,4952,Sewerage Systems
WYG650007,221320,Sewage Treatment Facilities,4952,Sewerage Systems
WYG650008,221320,Sewage Treatment Facilities,4952,Sewerage Systems
WYG650009,221320,Sewage Treatment Facilities,4952,Sewerage Systems
WYG650010,,,4952,Sewerage Systems
WYG650011,,,4911,Electric Services
WYG650012,221320,Sewage Treatment Facilities,4952,Sewerage Systems
WYG650013,,,4952,Sewerage Systems
WYG650014,,,4952,Sewerage Systems
WYG650015,,,4911,Electric Services
WYG650016,,,4911,Electric Services
WYG650018,,,4952,Sewerage Systems
WYG650019,,,1311,Crude Petroleum And Natural Gas
WYG650020,,,4952,Sewerage Systems
WYG650022,,,4952,Sewerage Systems
WYG650023,,,4952,Sewerage Systems
WYG650024,,,4952,Sewerage Systems
WYG650025,,,4952,Sewerage Systems
WYG650026,,,4952,Sewerage Systems
WYG650027,,,4952,Sewerage Systems
WYG650083,,,4952,Sewerage Systems
WYG720455,,,4911,Electric Services
WYG720456,,,1781,Water Well Drilling
WYG740871,,,1623,"Water, Sewer, And Utility Lines"
WYG740893,,,9199,General Government
WYG740894,,,2951,Asphalt Paving Mixtures And Blocks
WYG740929,,,1629,Heavy Construction
WYG740941,,,1459,Clay And Related Minerals
WYG940007,,,4226,Special Warehousing And Storage
WYG940008,,,4226,Special Warehousing And Storage
WYG940009,,,4226,Special Warehousing And Storage
WYG940010,,,4226,Special Warehousing And Storage
WYG940011,,,4226,Special Warehousing And Storage
WYG940013,,,4226,Special Warehousing And Storage
WYG940014,,,4226,Special Warehousing And Storage
WYL022209,,,4952,Sewerage Systems
WYP000006,,,3479,Metal Coating And Allied Services
WYP000018,,,3479,Metal Coating And Allied Services
WYP000021,,,4741,Rental Of Railroad Cars
WYP000022,,,3471,Plating And Polishing
WYP000500,,,3366,Copper Foundries
WYPU00101,221330,Steam and Air-Conditioning Supply,4961,Steam And Air-Conditioning Supply
WYPU00103,333132,Oil and Gas Field Machinery and Equipment Manufacturing,3533,Oil And Gas Field Machinery
WYR000002,,,4952,Sewerage Systems
WYR000016,,,3273,Ready-Mixed Concrete
WYR000024,,,5171,Petroleum Bulk Stations & Terminals
WYR000035,,,5172,Petroleum Products
WYR000037,,,5171,Petroleum Bulk Stations & Terminals
WYR000038,,,1241,Coal Mining Services
WYR000040,,,4213,"Trucking, Except Local"
WYR000041,,,4213,"Trucking, Except Local"
WYR000043,,,4013,Switching And Terminal Services
WYR000044,,,4213,"Trucking, Except Local"
WYR000046,,,4581,"Airports, Flying Fields, & Services"
WYR000048,,,4212,"Local Trucking, Without Storage"
WYR000049,,,1389,Oil And Gas Field Services
WYR000051,,,1389,Oil And Gas Field Services
WYR000052,,,1389,Oil And Gas Field Services
WYR000054,,,1389,Oil And Gas Field Services
WYR000055,,,1389,Oil And Gas Field Services
WYR000056,,,1389,Oil And Gas Field Services
WYR000059,,,4213,"Trucking, Except Local"
WYR000060,,,4212,"Local Trucking, Without Storage"
WYR000062,,,2951,Asphalt Paving Mixtures And Blocks
WYR000064,,,4213,"Trucking, Except Local"
WYR000069,,,2951,Asphalt Paving Mixtures And Blocks
WYR000071,,,1442,Construction Sand And Gravel
WYR000072,,,1241,Coal Mining Services
WYR000074,,,3444,Sheet Metal Work
WYR000075,,,2063,Beet Sugar
WYR000077,,,3271,Concrete Block And Brick
WYR000079,,,1221,Bituminous Coal And Lignite - Surface
WYR000080,,,1221,Bituminous Coal And Lignite - Surface
WYR000082,,,4581,"Airports, Flying Fields, & Services"
WYR000083,,,4581,"Airports, Flying Fields, & Services"
WYR000085,,,5171,Petroleum Bulk Stations & Terminals
WYR000093,,,4226,Special Warehousing And Storage
WYR000104,,,4215,"Courier Services, Except By Air"
WYR000116,,,2063,Beet Sugar
WYR000117,,,4214,Local Trucking With Storage
WYR000123,,,3273,Ready-Mixed Concrete
WYR000124,,,1011,Iron Ores
WYR000125,,,4213,"Trucking, Except Local"
WYR000126,,,5171,Petroleum Bulk Stations & Terminals
WYR000127,,,4213,"Trucking, Except Local"
WYR000130,,,4212,"Local Trucking, Without Storage"
WYR000134,,,4581,"Airports, Flying Fields, & Services"
WYR000135,,,4512,"Air Transportation, Scheduled"
WYR000137,,,3273,Ready-Mixed Concrete
WYR000143,,,3273,Ready-Mixed Concrete
WYR000153,,,1221,Bituminous Coal And Lignite - Surface
WYR000157,,,2892,Explosives
WYR000166,,,5093,Scrap And Waste Materials
WYR000167,,,5171,Petroleum Bulk Stations & Terminals
WYR000168,,,5171,Petroleum Bulk Stations & Terminals
WYR000169,,,5171,Petroleum Bulk Stations & Terminals
WYR000170,,,5171,Petroleum Bulk Stations & Terminals
WYR000172,,,4213,"Trucking, Except Local"
WYR000173,,,4213,"Trucking, Except Local"
WYR000174,,,4213,"Trucking, Except Local"
WYR000177,,,1221,Bituminous Coal And Lignite - Surface
WYR000178,,,1221,Bituminous Coal And Lignite - Surface
WYR000180,,,1221,Bituminous Coal And Lignite - Surface
WYR000181,,,1221,Bituminous Coal And Lignite - Surface
WYR000182,,,1221,Bituminous Coal And Lignite - Surface
WYR000183,,,1222,Bituminous Coal - Underground
WYR000185,,,2421,"Sawmills And Planing Mills, General"
WYR000193,,,3273,Ready-Mixed Concrete
WYR000197,,,2873,Nitrogenous Fertilizers
WYR000208,,,3312,Blast Furnaces And Steel Mills
WYR000209,,,1221,Bituminous Coal And Lignite - Surface
WYR000210,,,1221,Bituminous Coal And Lignite - Surface
WYR000213,,,1221,Bituminous Coal And Lignite - Surface
WYR000219,,,1389,Oil And Gas Field Services
WYR000230,,,1221,Bituminous Coal And Lignite - Surface
WYR000231,,,1221,Bituminous Coal And Lignite - Surface
WYR000233,,,2899,Chemical Preparations
WYR000235,,,3275,Gypsum Products
WYR000236,,,3295,"Minerals, Ground Or Treated"
WYR000239,,,2899,Chemical Preparations
WYR000250,,,1221,Bituminous Coal And Lignite - Surface
WYR000254,,,4581,"Airports, Flying Fields, & Services"
WYR000255,,,4952,Sewerage Systems
WYR000257,,,4581,"Airports, Flying Fields, & Services"
WYR000258,,,4581,"Airports, Flying Fields, & Services"
WYR000279,,,5171,Petroleum Bulk Stations & Terminals
WYR000283,,,1094,Uranium-Radium-Vanadium Ores
WYR000284,,,1094,Uranium-Radium-Vanadium Ores
WYR000285,,,1094,Uranium-Radium-Vanadium Ores
WYR000295,,,3273,Ready-Mixed Concrete
WYR000297,,,4011,"Railroads, Line-Haul Operating"
WYR000306,,,4214,Local Trucking With Storage
WYR000331,,,2951,Asphalt Paving Mixtures And Blocks
WYR000333,,,3273,Ready-Mixed Concrete
WYR000336,,,4522,"Air Transportation, Nonscheduled"
WYR000337,,,4213,"Trucking, Except Local"
WYR000341,,,4212,"Local Trucking, Without Storage"
WYR000342,,,4911,Electric Services
WYR000348,,,4581,"Airports, Flying Fields, & Services"
WYR000349,,,1221,Bituminous Coal And Lignite - Surface
WYR000355,,,3273,Ready-Mixed Concrete
WYR000358,,,2875,"Fertilizers, Mixing Only"
WYR000360,,,5093,Scrap And Waste Materials
WYR000361,,,5093,Scrap And Waste Materials
WYR000362,,,5093,Scrap And Waste Materials
WYR000366,,,3274,Lime
WYR000382,,,1499,Miscellaneous Nonmetallic Minerals
WYR000391,,,3411,Metal Cans
WYR000398,,,4212,"Local Trucking, Without Storage"
WYR000400,,,4512,"Air Transportation, Scheduled"
WYR000401,,,3369,Nonferrous Foundries
WYR000403,,,4581,"Airports, Flying Fields, & Services"
WYR000409,,,2892,Explosives
WYR000413,,,2421,"Sawmills And Planing Mills, General"
WYR000415,,,2421,"Sawmills And Planing Mills, General"
WYR000425,,,1381,Drilling Oil And Gas Wells
WYR000427,,,3533,Oil And Gas Field Machinery
WYR000429,,,4011,"Railroads, Line-Haul Operating"
WYR000432,,,4213,"Trucking, Except Local"
WYR000472,,,2421,"Sawmills And Planing Mills, General"
WYR000527,,,3556,Food Products Machinery
WYR000549,,,4011,"Railroads, Line-Haul Operating"
WYR000570,,,4011,"Railroads, Line-Haul Operating"
WYR000597,,,1221,Bituminous Coal And Lignite - Surface
WYR000601,,,4212,"Local Trucking, Without Storage"
WYR000604,,,2892,Explosives
WYR000648,,,1094,Uranium-Radium-Vanadium Ores
WYR000655,,,3532,Mining Machinery
WYR000656,,,4011,"Railroads, Line-Haul Operating"
WYR000657,,,4226,Special Warehousing And Storage
WYR000663,,,4911,Electric Services
WYR000664,,,2911,Petroleum Refining
WYR000698,,,4213,"Trucking, Except Local"
WYR000723,,,3272,Concrete Products
WYR000724,,,1429,Crushed And Broken Stone
WYR000764,,,4213,"Trucking, Except Local"
WYR000784,,,3273,Ready-Mixed Concrete
WYR000789,,,3273,Ready-Mixed Concrete
WYR000801,,,3273,Ready-Mixed Concrete
WYR000822,,,3275,Gypsum Products
WYR000824,,,2951,Asphalt Paving Mixtures And Blocks
WYR000825,,,1389,Oil And Gas Field Services
WYR000826,,,1389,Oil And Gas Field Services
WYR000836,,,1389,Oil And Gas Field Services
WYR000837,,,4011,"Railroads, Line-Haul Operating"
WYR000838,,,4011,"Railroads, Line-Haul Operating"
WYR000841,,,1389,Oil And Gas Field Services
WYR000848,,,2951,Asphalt Paving Mixtures And Blocks
WYR000859,,,4011,"Railroads, Line-Haul Operating"
WYR000860,,,4011,"Railroads, Line-Haul Operating"
WYR000861,,,1221,Bituminous Coal And Lignite - Surface
WYR000904,,,1094,Uranium-Radium-Vanadium Ores
WYR000916,,,2951,Asphalt Paving Mixtures And Blocks
WYR000924,,,5093,Scrap And Waste Materials
WYR000942,,,1389,Oil And Gas Field Services
WYR000968,,,4212,"Local Trucking, Without Storage"
WYR000984,,,1389,Oil And Gas Field Services
WYR000992,,,4013,Switching And Terminal Services
WYR000994,,,4953,Refuse Systems
WYR000995,,,4953,Refuse Systems
WYR000996,,,4953,Refuse Systems
WYR000999,,,1389,Oil And Gas Field Services
WYR001000,,,1389,Oil And Gas Field Services
WYR001001,,,4212,"Local Trucking, Without Storage"
WYR001002,,,2951,Asphalt Paving Mixtures And Blocks
WYR001003,,,2875,"Fertilizers, Mixing Only"
WYR001004,,,4953,Refuse Systems
WYR001007,,,1389,Oil And Gas Field Services
WYR001008,,,1389,Oil And Gas Field Services
WYR001010,,,4952,Sewerage Systems
WYR001011,,,4953,Refuse Systems
WYR001012,,,4214,Local Trucking With Storage
WYR001013,,,4953,Refuse Systems
WYR001014,,,1389,Oil And Gas Field Services
WYR001015,,,4212,"Local Trucking, Without Storage"
WYR001016,,,4953,Refuse Systems
WYR001017,,,4953,Refuse Systems
WYR001018,,,4953,Refuse Systems
WYR001019,,,4952,Sewerage Systems
WYR001020,,,3241,"Cement, Hydraulic"
WYR001021,,,1389,Oil And Gas Field Services
WYR001022,,,4952,Sewerage Systems
WYR001023,,,4212,"Local Trucking, Without Storage"
WYR001024,,,4212,"Local Trucking, Without Storage"
WYR001026,,,2999,Petroleum And Coal Products
WYR001027,,,1389,Oil And Gas Field Services
WYR001028,,,3533,Oil And Gas Field Machinery
WYR001029,,,4953,Refuse Systems
WYR001031,,,4212,"Local Trucking, Without Storage"
WYR001033,,,4953,Refuse Systems
WYR001034,,,4953,Refuse Systems
WYR001035,,,4953,Refuse Systems
WYR001045,,,4214,Local Trucking With Storage
WYR001048,,,1389,Oil And Gas Field Services
WYR001050,,,4212,"Local Trucking, Without Storage"
WYR001051,,,4953,Refuse Systems
WYR001052,,,2951,Asphalt Paving Mixtures And Blocks
WYR001058,,,1389,Oil And Gas Field Services
WYR001061,,,3273,Ready-Mixed Concrete
WYR001063,,,1389,Oil And Gas Field Services
WYR001065,,,4011,"Railroads, Line-Haul Operating"
WYR001066,,,1221,Bituminous Coal And Lignite - Surface
WYR001068,,,1389,Oil And Gas Field Services
WYR001069,,,1389,Oil And Gas Field Services
WYR001070,,,4212,"Local Trucking, Without Storage"
WYR001071,,,4911,Electric Services
WYR001073,,,4011,"Railroads, Line-Haul Operating"
WYR001076,,,3273,Ready-Mixed Concrete
WYR001077,,,1389,Oil And Gas Field Services
WYR001078,,,3273,Ready-Mixed Concrete
WYR001079,,,1389,Oil And Gas Field Services
WYR001082,,,1389,Oil And Gas Field Services
WYR001084,,,1389,Oil And Gas Field Services
WYR001085,,,1389,Oil And Gas Field Services
WYR001086,,,1389,Oil And Gas Field Services
WYR001087,,,1389,Oil And Gas Field Services
WYR001091,,,4953,Refuse Systems
WYR001092,,,4953,Refuse Systems
WYR001093,,,4952,Sewerage Systems
WYR001095,,,4952,Sewerage Systems
WYR001096,,,1442,Construction Sand And Gravel
WYR001097,,,4212,"Local Trucking, Without Storage"
WYR001098,,,4212,"Local Trucking, Without Storage"
WYR001099,,,4953,Refuse Systems
WYR001101,,,4212,"Local Trucking, Without Storage"
WYR001102,,,4212,"Local Trucking, Without Storage"
WYR001103,,,4212,"Local Trucking, Without Storage"
WYR001104,,,2951,Asphalt Paving Mixtures And Blocks
WYR001105,,,4212,"Local Trucking, Without Storage"
WYR001106,,,1389,Oil And Gas Field Services
WYR001107,,,4212,"Local Trucking, Without Storage"
WYR001108,,,4952,Sewerage Systems
WYR001109,,,4953,Refuse Systems
WYR001111,,,2911,Petroleum Refining
WYR001119,,,3089,Plastics Products
WYR001121,,,4953,Refuse Systems
WYR001124,,,4953,Refuse Systems
WYR001125,,,1389,Oil And Gas Field Services
WYR001128,,,4911,Electric Services
WYR001129,,,4581,"Airports, Flying Fields, & Services"
WYR001130,,,3273,Ready-Mixed Concrete
WYR001132,,,3273,Ready-Mixed Concrete
WYR001134,,,5169,Chemicals & Allied Products
WYR001135,,,3273,Ready-Mixed Concrete
WYR001136,,,1094,Uranium-Radium-Vanadium Ores
WYR001137,,,3273,Ready-Mixed Concrete
WYR001138,,,3273,Ready-Mixed Concrete
WYR001141,,,4953,Refuse Systems
WYR001142,,,4953,Refuse Systems
WYR001143,,,4953,Refuse Systems
WYR001145,,,3273,Ready-Mixed Concrete
WYR001146,,,3273,Ready-Mixed Concrete
WYR001147,,,3273,Ready-Mixed Concrete
WYR001148,,,3273,Ready-Mixed Concrete
WYR001151,,,4581,"Airports, Flying Fields, & Services"
WYR001153,,,4011,"Railroads, Line-Haul Operating"
WYR001156,,,1389,Oil And Gas Field Services
WYR001157,,,1389,Oil And Gas Field Services
WYR001159,,,4911,Electric Services
WYR001160,,,4953,Refuse Systems
WYR001161,,,2899,Chemical Preparations
WYR001163,,,1389,Oil And Gas Field Services
WYR001166,,,3273,Ready-Mixed Concrete
WYR001169,,,1389,Oil And Gas Field Services
WYR001172,,,4212,"Local Trucking, Without Storage"
WYR001173,,,3273,Ready-Mixed Concrete
WYR001175,,,3532,Mining Machinery
WYR001176,,,3532,Mining Machinery
WYR001178,,,2899,Chemical Preparations
WYR001179,,,4212,"Local Trucking, Without Storage"
WYR001187,,,3273,Ready-Mixed Concrete
WYR001188,,,3273,Ready-Mixed Concrete
WYR001191,,,5093,Scrap And Waste Materials
WYR001192,,,1389,Oil And Gas Field Services
WYR001193,,,1389,Oil And Gas Field Services
WYR001194,,,1389,Oil And Gas Field Services
WYR001195,,,5093,Scrap And Waste Materials
WYR001198,,,3533,Oil And Gas Field Machinery
WYR001199,,,1389,Oil And Gas Field Services
WYR001200,,,3531,Construction Machinery
WYR001201,,,1389,Oil And Gas Field Services
WYR001202,,,1389,Oil And Gas Field Services
WYR001203,,,4131,Intercity & Rural Bus Transportation
WYR001205,,,3533,Oil And Gas Field Machinery
WYR001207,,,1389,Oil And Gas Field Services
WYR001208,,,2063,Beet Sugar
WYR001209,,,1389,Oil And Gas Field Services
WYR001210,,,5093,Scrap And Waste Materials
WYR001212,,,1389,Oil And Gas Field Services
WYR001213,,,2951,Asphalt Paving Mixtures And Blocks
WYR001214,,,4581,"Airports, Flying Fields, & Services"
WYR001217,,,3273,Ready-Mixed Concrete
WYR001219,,,1389,Oil And Gas Field Services
WYR001220,,,1389,Oil And Gas Field Services
WYR001221,,,5171,Petroleum Bulk Stations & Terminals
WYR001226,,,1611,Highway And Street Construction
WYR001227,,,1221,Bituminous Coal And Lignite - Surface
WYR001229,,,3273,Ready-Mixed Concrete
WYR001232,,,3273,Ready-Mixed Concrete
WYR001233,,,4212,"Local Trucking, Without Storage"
WYR001234,,,1389,Oil And Gas Field Services
WYR001235,,,4953,Refuse Systems
WYR001238,,,1389,Oil And Gas Field Services
WYR001241,,,4953,Refuse Systems
WYR001242,,,1389,Oil And Gas Field Services
WYR001244,,,3471,Plating And Polishing
WYR001246,,,3271,Concrete Block And Brick
WYR001248,,,4212,"Local Trucking, Without Storage"
WYR001249,,,3273,Ready-Mixed Concrete
WYR001250,,,3273,Ready-Mixed Concrete
WYR001252,,,1389,Oil And Gas Field Services
WYR001253,,,4212,"Local Trucking, Without Storage"
WYR001254,,,1094,Uranium-Radium-Vanadium Ores
WYR001255,,,4212,"Local Trucking, Without Storage"
WYR001256,,,1389,Oil And Gas Field Services
WYR001257,,,1611,Highway And Street Construction
WYR001258,,,5171,Petroleum Bulk Stations & Terminals
WYR001259,,,3273,Ready-Mixed Concrete
WYR001260,,,1389,Oil And Gas Field Services
WYR001263,,,3273,Ready-Mixed Concrete
WYR001265,,,4953,Refuse Systems
WYR001267,,,5084,Industrial Machinery And Equipment
WYR001270,,,2992,Lubricating Oils And Greases
WYR001272,,,1389,Oil And Gas Field Services
WYR001275,,,4911,Electric Services
WYR001278,,,4953,Refuse Systems
WYR001279,,,4953,Refuse Systems
WYR001281,,,1389,Oil And Gas Field Services
WYR001283,,,5171,Petroleum Bulk Stations & Terminals
WYR001284,,,3273,Ready-Mixed Concrete
WYR001285,,,5171,Petroleum Bulk Stations & Terminals
WYR001289,,,2951,Asphalt Paving Mixtures And Blocks
WYR001290,,,5093,Scrap And Waste Materials
WYR001292,,,4581,"Airports, Flying Fields, & Services"
WYR001293,,,1381,Drilling Oil And Gas Wells
WYR001294,,,1389,Oil And Gas Field Services
WYR001295,,,4213,"Trucking, Except Local"
WYR001296,,,4213,"Trucking, Except Local"
WYR001297,,,2899,Chemical Preparations
WYR001298,,,2951,Asphalt Paving Mixtures And Blocks
WYR001300,,,1389,Oil And Gas Field Services
WYR001301,,,1389,Oil And Gas Field Services
WYR001302,,,4953,Refuse Systems
WYR001303,,,1389,Oil And Gas Field Services
WYR001304,,,3498,Fabricated Pipe And Fittings
WYR001306,,,3272,Concrete Products
WYR001307,,,4581,"Airports, Flying Fields, & Services"
WYR001308,,,2421,"Sawmills And Planing Mills, General"
WYR001309,,,1221,Bituminous Coal And Lignite - Surface
WYR001310,,,1389,Oil And Gas Field Services
WYR001311,,,2874,Phosphatic Fertilizers
WYR001312,,,3273,Ready-Mixed Concrete
WYR001313,,,2875,"Fertilizers, Mixing Only"
WYR001314,,,1389,Oil And Gas Field Services
WYR001315,,,1389,Oil And Gas Field Services
WYR001316,,,5015,"Motor Vehicle Parts, Used"
WYR001317,,,2951,Asphalt Paving Mixtures And Blocks
WYR001318,,,1389,Oil And Gas Field Services
WYR001319,,,1389,Oil And Gas Field Services
WYR001321,,,5093,Scrap And Waste Materials
WYR001322,,,3533,Oil And Gas Field Machinery
WYR001324,,,4953,Refuse Systems
WYR001325,,,4581,"Airports, Flying Fields, & Services"
WYR001326,,,1389,Oil And Gas Field Services
WYR001327,,,1389,Oil And Gas Field Services
WYR001328,,,5015,"Motor Vehicle Parts, Used"
WYR001330,,,5015,"Motor Vehicle Parts, Used"
WYR001331,,,1389,Oil And Gas Field Services
WYR001332,,,2951,Asphalt Paving Mixtures And Blocks
WYR001334,,,5171,Petroleum Bulk Stations & Terminals
WYR001336,,,4953,Refuse Systems
WYR001338,,,4213,"Trucking, Except Local"
WYR001339,,,1474,"Potash, Soda, And Borate Minerals"
WYR001340,,,1474,"Potash, Soda, And Borate Minerals"
WYR001342,,,3531,Construction Machinery
WYR001343,,,4212,"Local Trucking, Without Storage"
WYR001344,,,5093,Scrap And Waste Materials
WYR001346,,,1389,Oil And Gas Field Services
WYR001351,,,4212,"Local Trucking, Without Storage"
WYR001352,,,1389,Oil And Gas Field Services
WYR001353,,,1389,Oil And Gas Field Services
WYR001354,,,1389,Oil And Gas Field Services
WYR001355,,,2899,Chemical Preparations
WYR001356,,,1389,Oil And Gas Field Services
WYR001357,,,3273,Ready-Mixed Concrete
WYR001360,,,1389,Oil And Gas Field Services
WYR001362,,,1389,Oil And Gas Field Services
WYR001363,,,1389,Oil And Gas Field Services
WYR001364,,,1389,Oil And Gas Field Services
WYR001365,,,4953,Refuse Systems
WYR001366,,,1389,Oil And Gas Field Services
WYR001367,,,1389,Oil And Gas Field Services
WYR001368,,,1389,Oil And Gas Field Services
WYR001370,,,1389,Oil And Gas Field Services
WYR001371,,,3533,Oil And Gas Field Machinery
WYR001373,,,1389,Oil And Gas Field Services
WYR001374,,,1389,Oil And Gas Field Services
WYR001376,,,4953,Refuse Systems
WYR001377,,,4953,Refuse Systems
WYR001378,,,1094,Uranium-Radium-Vanadium Ores
WYR001379,,,1094,Uranium-Radium-Vanadium Ores
WYR001380,,,1389,Oil And Gas Field Services
WYR001381,,,1474,"Potash, Soda, And Borate Minerals"
WYR001382,,,4911,Electric Services
WYR001387,,,4213,"Trucking, Except Local"
WYR001388,,,1611,Highway And Street Construction
WYR001389,,,4212,"Local Trucking, Without Storage"
WYR001390,,,5015,"Motor Vehicle Parts, Used"
WYR001391,,,1389,Oil And Gas Field Services
WYR001392,,,5015,"Motor Vehicle Parts, Used"
WYR001393,,,1389,Oil And Gas Field Services
WYR001394,,,1094,Uranium-Radium-Vanadium Ores
WYR001395,,,2813,Industrial Gases
WYR001396,,,2499,Wood Products
WYR001397,,,5172,Petroleum Products
WYR001398,,,2875,"Fertilizers, Mixing Only"
WYR001399,,,4953,Refuse Systems
WYR001400,,,7549,Automotive Services
WYR001401,,,1389,Oil And Gas Field Services
WYR001402,,,1389,Oil And Gas Field Services
WYR001403,,,1389,Oil And Gas Field Services
WYR001404,,,1389,Oil And Gas Field Services
WYR001405,,,4911,Electric Services
WYR001408,,,5172,Petroleum Products
WYR001410,,,1389,Oil And Gas Field Services
WYR001411,,,1389,Oil And Gas Field Services
WYR001412,,,2911,Petroleum Refining
WYR001413,,,1389,Oil And Gas Field Services
WYR001414,,,1389,Oil And Gas Field Services
WYR001415,,,4953,Refuse Systems
WYR001417,,,1389,Oil And Gas Field Services
WYR001418,,,1389,Oil And Gas Field Services
WYR001419,,,3561,Pumps And Pumping Equipment
WYR001420,,,2834,Pharmaceutical Preparations
WYR001421,,,5169,Chemicals & Allied Products
WYR001422,,,1389,Oil And Gas Field Services
WYR001423,,,4953,Refuse Systems
WYR001424,,,2899,Chemical Preparations
WYR001426,,,1389,Oil And Gas Field Services
WYR001427,,,4581,"Airports, Flying Fields, & Services"
WYR001428,,,3531,Construction Machinery
WYR001429,,,2869,Industrial Organic Chemicals
WYR001430,,,3561,Pumps And Pumping Equipment
WYR001432,,,4789,Transportation Services
WYR001433,,,4212,"Local Trucking, Without Storage"
WYR001434,,,1389,Oil And Gas Field Services
WYR001435,,,2951,Asphalt Paving Mixtures And Blocks
WYR001437,,,1389,Oil And Gas Field Services
WYR001438,,,3273,Ready-Mixed Concrete
WYR001439,,,4953,Refuse Systems
WYR001440,,,1389,Oil And Gas Field Services
WYR001441,,,1389,Oil And Gas Field Services
WYR001442,,,1389,Oil And Gas Field Services
WYR001443,,,1389,Oil And Gas Field Services
WYR001444,,,2951,Asphalt Paving Mixtures And Blocks
WYR001445,,,2819,Industrial Inorganic Chemicals
WYR001446,,,2812,Alkalies And Chlorine
WYR001448,,,1094,Uranium-Radium-Vanadium Ores
WYR001450,,,1389,Oil And Gas Field Services
WYR001451,,,1389,Oil And Gas Field Services
WYR001452,,,3272,Concrete Products
WYR001454,484220,"Specialized Freight [except Used Goods] Trucking, Local",4212,"Local Trucking, Without Storage"
WYR001455,,,5171,Petroleum Bulk Stations & Terminals
WYR001456,,,2951,Asphalt Paving Mixtures And Blocks
WYR001457,,,2834,Pharmaceutical Preparations
WYR001458,,,2951,Asphalt Paving Mixtures And Blocks
WYR001459,,,4011,"Railroads, Line-Haul Operating"
WYR001460,,,4011,"Railroads, Line-Haul Operating"
WYR001461,,,4011,"Railroads, Line-Haul Operating"
WYR001462,,,4011,"Railroads, Line-Haul Operating"
WYR001463,,,4011,"Railroads, Line-Haul Operating"
WYR001464,,,4011,"Railroads, Line-Haul Operating"
WYR001465,,,1389,Oil And Gas Field Services
WYR001466,,,1389,Oil And Gas Field Services
WYR001467,,,2951,Asphalt Paving Mixtures And Blocks
WYR001468,,,4011,"Railroads, Line-Haul Operating"
WYR001469,,,5015,"Motor Vehicle Parts, Used"
WYR001470,,,3273,Ready-Mixed Concrete
WYR001471,,,1389,Oil And Gas Field Services
WYR001472,,,2951,Asphalt Paving Mixtures And Blocks
WYR001473,,,2048,Prepared Feeds
WYR001474,,,4953,Refuse Systems
WYR001475,,,2899,Chemical Preparations
WYR001476,,,2951,Asphalt Paving Mixtures And Blocks
WYR001477,,,4953,Refuse Systems
WYR001479,,,1442,Construction Sand And Gravel
WYR001480,,,4011,"Railroads, Line-Haul Operating"
WYR001481,,,4011,"Railroads, Line-Haul Operating"
WYR001482,,,5169,Chemicals & Allied Products
WYR001483,,,1389,Oil And Gas Field Services
WYR001484,,,3532,Mining Machinery
WYR001485,,,1389,Oil And Gas Field Services
WYR001486,,,4011,"Railroads, Line-Haul Operating"
WYR001487,,,4011,"Railroads, Line-Haul Operating"
WYR001488,,,1389,Oil And Gas Field Services
WYR001489,,,1389,Oil And Gas Field Services
WYR001490,,,1389,Oil And Gas Field Services
WYR001491,,,1389,Oil And Gas Field Services
WYR001492,,,1389,Oil And Gas Field Services
WYR001493,,,1389,Oil And Gas Field Services
WYR001494,,,1389,Oil And Gas Field Services
WYR001495,,,4212,"Local Trucking, Without Storage"
WYR001496,,,1389,Oil And Gas Field Services
WYR001497,,,1389,Oil And Gas Field Services
WYR001498,,,3295,"Minerals, Ground Or Treated"
WYR001499,,,1389,Oil And Gas Field Services
WYR001500,,,4952,Sewerage Systems
WYR001501,,,4212,"Local Trucking, Without Storage"
WYR001502,,,3273,Ready-Mixed Concrete
WYR001503,,,3273,Ready-Mixed Concrete
WYR001504,,,3273,Ready-Mixed Concrete
WYR001505,,,3273,Ready-Mixed Concrete
WYR001506,,,3273,Ready-Mixed Concrete
WYR001507,,,3273,Ready-Mixed Concrete
WYR001508,,,3272,Concrete Products
WYR001509,,,3273,Ready-Mixed Concrete
WYR001510,,,3273,Ready-Mixed Concrete
WYR001511,,,1442,Construction Sand And Gravel
WYR001512,,,1094,Uranium-Radium-Vanadium Ores
WYR001513,,,5093,Scrap And Waste Materials
WYR001514,,,5093,Scrap And Waste Materials
WYR001515,,,5093,Scrap And Waste Materials
WYR001516,,,1094,Uranium-Radium-Vanadium Ores
WYR001517,,,1389,Oil And Gas Field Services
WYR001518,,,3271,Concrete Block And Brick
WYR001519,,,4953,Refuse Systems
WYR001520,,,4953,Refuse Systems
WYR001521,,,4212,"Local Trucking, Without Storage"
WYR001522,,,4953,Refuse Systems
WYR001523,,,3533,Oil And Gas Field Machinery
WYR001524,,,1389,Oil And Gas Field Services
WYR001525,,,1389,Oil And Gas Field Services
WYR001527,,,4212,"Local Trucking, Without Storage"
WYR001528,,,2819,Industrial Inorganic Chemicals
WYR001529,,,1389,Oil And Gas Field Services
WYR001530,,,4011,"Railroads, Line-Haul Operating"
WYR001531,,,4011,"Railroads, Line-Haul Operating"
WYR001532,,,3533,Oil And Gas Field Machinery
WYR001533,,,3533,Oil And Gas Field Machinery
WYR001534,,,4231,Trucking Terminal Facilities
WYR001535,,,1389,Oil And Gas Field Services
WYR001536,,,1389,Oil And Gas Field Services
WYR001537,,,1389,Oil And Gas Field Services
WYR001538,,,1389,Oil And Gas Field Services
WYR001539,,,5171,Petroleum Bulk Stations & Terminals
WYR001540,,,1389,Oil And Gas Field Services
WYR001541,,,2875,"Fertilizers, Mixing Only"
WYR001542,,,2911,Petroleum Refining
WYR001543,,,3533,Oil And Gas Field Machinery
WYR001544,,,3533,Oil And Gas Field Machinery
WYR001545,213112,Support Activities For Oil and Gas Operations,1389,Oil And Gas Field Services
WYR001546,,,4953,Refuse Systems
WYR001547,,,4212,"Local Trucking, Without Storage"
WYR001548,,,4953,Refuse Systems
WYR001549,,,3999,Manufacturing Industries
WYR001551,,,1389,Oil And Gas Field Services
WYR001553,,,5015,"Motor Vehicle Parts, Used"
WYR001554,,,4212,"Local Trucking, Without Storage"
WYR001555,,,1442,Construction Sand And Gravel
WYR001556,,,4231,Trucking Terminal Facilities
WYR001557,,,1389,Oil And Gas Field Services
WYR001558,,,2999,Petroleum And Coal Products
WYR001559,,,5171,Petroleum Bulk Stations & Terminals
WYR001560,,,4581,"Airports, Flying Fields, & Services"
WYR001561,,,4226,Special Warehousing And Storage
WYR001562,,,3273,Ready-Mixed Concrete
WYR001563,,,1389,Oil And Gas Field Services
WYR001564,,,1389,Oil And Gas Field Services
WYR001565,,,1389,Oil And Gas Field Services
WYR001566,,,1389,Oil And Gas Field Services
WYR001569,,,1389,Oil And Gas Field Services
WYR001570,,,4212,"Local Trucking, Without Storage"
WYR001571,,,4581,"Airports, Flying Fields, & Services"
WYR001572,,,4581,"Airports, Flying Fields, & Services"
WYR001573,,,4013,Switching And Terminal Services
WYR001574,,,5093,Scrap And Waste Materials
WYR001575,,,1389,Oil And Gas Field Services
WYR001576,,,1389,Oil And Gas Field Services
WYR001577,,,1446,Industrial Sand
WYR001578,,,3533,Oil And Gas Field Machinery
WYR001582,,,3272,Concrete Products
WYR001583,,,2951,Asphalt Paving Mixtures And Blocks
WYR001584,,,4011,"Railroads, Line-Haul Operating"
WYR001585,,,4212,"Local Trucking, Without Storage"
WYR001586,,,1389,Oil And Gas Field Services
WYR001587,,,2951,Asphalt Paving Mixtures And Blocks
WYR001589,,,3273,Ready-Mixed Concrete
WYR001590,,,5093,Scrap And Waste Materials
WYR001591,,,2951,Asphalt Paving Mixtures And Blocks
WYR001592,,,5093,Scrap And Waste Materials
WYR001594,,,3273,Ready-Mixed Concrete
WYR001595,,,4212,"Local Trucking, Without Storage"
WYR001596,,,5093,Scrap And Waste Materials
WYR001597,,,4225,General Warehousing And Storage
WYR001598,,,4581,"Airports, Flying Fields, & Services"
WYR001599,,,5171,Petroleum Bulk Stations & Terminals
WYR001601,,,3273,Ready-Mixed Concrete
WYR001602,,,3273,Ready-Mixed Concrete
WYR001604,,,3273,Ready-Mixed Concrete
WYR001605,,,2911,Petroleum Refining
WYR001606,,,1389,Oil And Gas Field Services
WYR001607,,,1389,Oil And Gas Field Services
WYR001608,,,1221,Bituminous Coal And Lignite - Surface
WYR001609,,,2899,Chemical Preparations
WYR001610,,,1041,Gold Ores
WYR001611,,,3532,Mining Machinery
WYR001612,,,4011,"Railroads, Line-Haul Operating"
WYR001613,,,2951,Asphalt Paving Mixtures And Blocks
WYR001614,,,1221,Bituminous Coal And Lignite - Surface
WYR001615,,,1221,Bituminous Coal And Lignite - Surface
WYR001616,,,4953,Refuse Systems
WYR001618,,,1389,Oil And Gas Field Services
WYR001619,,,4953,Refuse Systems
WYR001620,,,4953,Refuse Systems
WYR001621,,,4953,Refuse Systems
WYR001622,,,3272,Concrete Products
WYR001623,,,1389,Oil And Gas Field Services
WYR001625,,,1389,Oil And Gas Field Services
WYR001626,,,5171,Petroleum Bulk Stations & Terminals
WYR001627,,,3532,Mining Machinery
WYR001628,,,5171,Petroleum Bulk Stations & Terminals
WYR001629,,,5093,Scrap And Waste Materials
WYR001630,,,1241,Coal Mining Services
WYR001632,,,4212,"Local Trucking, Without Storage"
WYR001633,,,3271,Concrete Block And Brick
WYR001634,,,3271,Concrete Block And Brick
WYR001635,,,1442,Construction Sand And Gravel
WYR05A031,,,2819,Industrial Inorganic Chemicals
WYR05IA00,,,1442,Construction Sand And Gravel
WYR05IA01,,,1442,Construction Sand And Gravel
WYR101973,,,1442,Construction Sand And Gravel
WYR103071,,,1522,Residential Construction
WYR104665,,,4213,"Trucking, Except Local"
WYR106158,,,1446,Industrial Sand
WYR10A231,,,1311,Crude Petroleum And Natural Gas
WYR10A241,,,1311,Crude Petroleum And Natural Gas
WYR320002,,,1442,Construction Sand And Gravel
WYR320004,,,1442,Construction Sand And Gravel
WYR320005,,,1442,Construction Sand And Gravel
WYR320007,,,1442,Construction Sand And Gravel
WYR320009,,,1474,"Potash, Soda, And Borate Minerals"
WYR320010,,,1459,Clay And Related Minerals
WYR320011,,,1459,Clay And Related Minerals
WYR320013,,,1442,Construction Sand And Gravel
WYR320014,,,1442,Construction Sand And Gravel
WYR320015,,,1442,Construction Sand And Gravel
WYR320016,,,1422,Crushed And Broken Limestone
WYR320017,,,1422,Crushed And Broken Limestone
WYR320018,,,1422,Crushed And Broken Limestone
WYR320023,,,1422,Crushed And Broken Limestone
WYR320025,,,1474,"Potash, Soda, And Borate Minerals"
WYR320026,,,1459,Clay And Related Minerals
WYR320027,,,1459,Clay And Related Minerals
WYR320028,,,1459,Clay And Related Minerals
WYR320029,,,1459,Clay And Related Minerals
WYR320030,,,1422,Crushed And Broken Limestone
WYR320031,,,1459,Clay And Related Minerals
WYR320034,,,1459,Clay And Related Minerals
WYR320036,,,1459,Clay And Related Minerals
WYR320037,,,1422,Crushed And Broken Limestone
WYR320038,,,1442,Construction Sand And Gravel
WYR320039,,,1442,Construction Sand And Gravel
WYR320041,,,1442,Construction Sand And Gravel
WYR320047,,,1442,Construction Sand And Gravel
WYR320049,,,1442,Construction Sand And Gravel
WYR320050,,,1442,Construction Sand And Gravel
WYR320052,,,1442,Construction Sand And Gravel
WYR320053,,,1442,Construction Sand And Gravel
WYR320056,,,1442,Construction Sand And Gravel
WYR320057,,,1442,Construction Sand And Gravel
WYR320059,,,1442,Construction Sand And Gravel
WYR320061,,,1423,Crushed And Broken Granite
WYR320064,,,1442,Construction Sand And Gravel
WYR320065,,,1442,Construction Sand And Gravel
WYR320066,,,1442,Construction Sand And Gravel
WYR320067,,,1429,Crushed And Broken Stone
WYR320068,,,1422,Crushed And Broken Limestone
WYR320069,,,1442,Construction Sand And Gravel
WYR320075,,,1442,Construction Sand And Gravel
WYR320076,,,1442,Construction Sand And Gravel
WYR320079,,,1442,Construction Sand And Gravel
WYR320080,,,1442,Construction Sand And Gravel
WYR320081,,,1442,Construction Sand And Gravel
WYR320082,,,1442,Construction Sand And Gravel
WYR320083,,,1442,Construction Sand And Gravel
WYR320084,,,1442,Construction Sand And Gravel
WYR320085,,,1442,Construction Sand And Gravel
WYR320087,,,1442,Construction Sand And Gravel
WYR320088,,,1442,Construction Sand And Gravel
WYR320089,,,1442,Construction Sand And Gravel
WYR320091,,,1442,Construction Sand And Gravel
WYR320092,,,1442,Construction Sand And Gravel
WYR320093,,,1442,Construction Sand And Gravel
WYR320094,,,1442,Construction Sand And Gravel
WYR320095,,,1442,Construction Sand And Gravel
WYR320096,,,1459,Clay And Related Minerals
WYR320097,,,1459,Clay And Related Minerals
WYR320098,,,1499,Miscellaneous Nonmetallic Minerals
WYR320099,,,1459,Clay And Related Minerals
WYR320101,,,1499,Miscellaneous Nonmetallic Minerals
WYR320102,,,1459,Clay And Related Minerals
WYR320103,,,1459,Clay And Related Minerals
WYR320104,,,1459,Clay And Related Minerals
WYR320105,,,1459,Clay And Related Minerals
WYR320107,,,1442,Construction Sand And Gravel
WYR320111,,,1442,Construction Sand And Gravel
WYR320112,,,1442,Construction Sand And Gravel
WYR320113,,,1442,Construction Sand And Gravel
WYR320116,,,1442,Construction Sand And Gravel
WYR320118,,,1442,Construction Sand And Gravel
WYR320120,,,1442,Construction Sand And Gravel
WYR320121,,,1442,Construction Sand And Gravel
WYR320124,,,1442,Construction Sand And Gravel
WYR320138,,,1442,Construction Sand And Gravel
WYR320139,,,1442,Construction Sand And Gravel
WYR320146,,,1429,Crushed And Broken Stone
WYR320148,,,1442,Construction Sand And Gravel
WYR320149,,,1442,Construction Sand And Gravel
WYR320152,,,1423,Crushed And Broken Granite
WYR320156,,,1442,Construction Sand And Gravel
WYR320159,,,1423,Crushed And Broken Granite
WYR320160,,,1429,Crushed And Broken Stone
WYR320161,,,1442,Construction Sand And Gravel
WYR320162,,,1442,Construction Sand And Gravel
WYR320163,,,1442,Construction Sand And Gravel
WYR320167,,,1442,Construction Sand And Gravel
WYR320172,,,1442,Construction Sand And Gravel
WYR320173,,,1429,Crushed And Broken Stone
WYR320174,,,1442,Construction Sand And Gravel
WYR320175,,,1442,Construction Sand And Gravel
WYR320176,,,1442,Construction Sand And Gravel
WYR320178,,,1422,Crushed And Broken Limestone
WYR320181,,,1442,Construction Sand And Gravel
WYR320184,,,1442,Construction Sand And Gravel
WYR320185,,,1442,Construction Sand And Gravel
WYR320186,,,1442,Construction Sand And Gravel
WYR320187,,,1442,Construction Sand And Gravel
WYR320193,,,1442,Construction Sand And Gravel
WYR320194,,,1442,Construction Sand And Gravel
WYR320195,,,1442,Construction Sand And Gravel
WYR320196,,,1442,Construction Sand And Gravel
WYR320197,,,1442,Construction Sand And Gravel
WYR320198,,,1442,Construction Sand And Gravel
WYR320200,,,1442,Construction Sand And Gravel
WYR320201,,,1422,Crushed And Broken Limestone
WYR320202,,,1442,Construction Sand And Gravel
WYR320203,,,1442,Construction Sand And Gravel
WYR320206,,,1442,Construction Sand And Gravel
WYR320208,,,1442,Construction Sand And Gravel
WYR320210,,,1422,Crushed And Broken Limestone
WYR320213,,,1442,Construction Sand And Gravel
WYR320215,,,1459,Clay And Related Minerals
WYR320216,,,1459,Clay And Related Minerals
WYR320217,,,1422,Crushed And Broken Limestone
WYR320218,,,1442,Construction Sand And Gravel
WYR320219,,,1442,Construction Sand And Gravel
WYR320221,,,1442,Construction Sand And Gravel
WYR320222,,,1422,Crushed And Broken Limestone
WYR320225,,,1442,Construction Sand And Gravel
WYR320228,,,1442,Construction Sand And Gravel
WYR320229,,,1442,Construction Sand And Gravel
WYR320230,,,1423,Crushed And Broken Granite
WYR320235,,,1442,Construction Sand And Gravel
WYR320236,,,1499,Miscellaneous Nonmetallic Minerals
WYR320237,,,1422,Crushed And Broken Limestone
WYR320238,,,1442,Construction Sand And Gravel
WYR320239,,,1442,Construction Sand And Gravel
WYR320244,,,1442,Construction Sand And Gravel
WYR320250,,,1442,Construction Sand And Gravel
WYR320251,,,1442,Construction Sand And Gravel
WYR320252,,,1442,Construction Sand And Gravel
WYR320253,,,1442,Construction Sand And Gravel
WYR320254,,,1442,Construction Sand And Gravel
WYR320255,,,1442,Construction Sand And Gravel
WYR320259,,,1442,Construction Sand And Gravel
WYR320260,,,1422,Crushed And Broken Limestone
WYR320261,,,1442,Construction Sand And Gravel
WYR320263,,,1442,Construction Sand And Gravel
WYR320269,,,1442,Construction Sand And Gravel
WYR320272,,,1442,Construction Sand And Gravel
WYR320273,,,1442,Construction Sand And Gravel
WYR320274,,,1442,Construction Sand And Gravel
WYR320275,,,1442,Construction Sand And Gravel
WYR320276,,,1442,Construction Sand And Gravel
WYR320279,,,1442,Construction Sand And Gravel
WYR320281,,,1442,Construction Sand And Gravel
WYR320282,,,1442,Construction Sand And Gravel
WYR320284,,,1442,Construction Sand And Gravel
WYR320286,,,1442,Construction Sand And Gravel
WYR320288,,,1442,Construction Sand And Gravel
WYR320290,,,1442,Construction Sand And Gravel
WYR320292,,,1422,Crushed And Broken Limestone
WYR320295,,,1442,Construction Sand And Gravel
WYR320296,,,1442,Construction Sand And Gravel
WYR320298,,,1442,Construction Sand And Gravel
WYR320299,,,1442,Construction Sand And Gravel
WYR320300,,,1442,Construction Sand And Gravel
WYR320301,,,1442,Construction Sand And Gravel
WYR320302,,,1442,Construction Sand And Gravel
WYR320308,,,1442,Construction Sand And Gravel
WYR320309,,,1442,Construction Sand And Gravel
WYR320310,,,1442,Construction Sand And Gravel
WYR320312,,,1442,Construction Sand And Gravel
WYR320319,,,1442,Construction Sand And Gravel
WYR320321,,,1442,Construction Sand And Gravel
WYR320322,,,1442,Construction Sand And Gravel
WYR320323,,,1442,Construction Sand And Gravel
WYR320324,,,1442,Construction Sand And Gravel
WYR320326,,,1442,Construction Sand And Gravel
WYR320327,,,1442,Construction Sand And Gravel
WYR320336,,,1442,Construction Sand And Gravel
WYR320337,,,1442,Construction Sand And Gravel
WYR320338,,,1499,Miscellaneous Nonmetallic Minerals
WYR320340,,,1429,Crushed And Broken Stone
WYR320341,,,1422,Crushed And Broken Limestone
WYR320342,,,1422,Crushed And Broken Limestone
WYR320343,,,1442,Construction Sand And Gravel
WYR320344,,,1459,Clay And Related Minerals
WYR320345,,,1446,Industrial Sand
WYR320346,,,1422,Crushed And Broken Limestone
WYR320347,,,1499,Miscellaneous Nonmetallic Minerals
WYR320350,,,1442,Construction Sand And Gravel
WYR320353,,,1442,Construction Sand And Gravel
WYR320354,,,1442,Construction Sand And Gravel
WYR320356,,,1422,Crushed And Broken Limestone
WYR320359,,,1442,Construction Sand And Gravel
WYR320366,,,1422,Crushed And Broken Limestone
WYR320369,,,1446,Industrial Sand
WYR320371,,,1459,Clay And Related Minerals
WYR320373,,,1442,Construction Sand And Gravel
WYR320374,,,1442,Construction Sand And Gravel
WYR320375,,,1442,Construction Sand And Gravel
WYR320384,,,1442,Construction Sand And Gravel
WYR320385,,,1459,Clay And Related Minerals
WYR320386,,,1442,Construction Sand And Gravel
WYR320387,,,1442,Construction Sand And Gravel
WYR320390,,,1459,Clay And Related Minerals
WYR320391,,,1429,Crushed And Broken Stone
WYR320392,,,1442,Construction Sand And Gravel
WYR320394,,,1442,Construction Sand And Gravel
WYR320396,,,1459,Clay And Related Minerals
WYR320398,,,1442,Construction Sand And Gravel
WYR320402,,,1442,Construction Sand And Gravel
WYR320403,,,1442,Construction Sand And Gravel
WYR320405,,,1442,Construction Sand And Gravel
WYR320407,,,1442,Construction Sand And Gravel
WYR320409,,,1499,Miscellaneous Nonmetallic Minerals
WYR320416,,,1442,Construction Sand And Gravel
WYR320418,,,1422,Crushed And Broken Limestone
WYR320419,,,1442,Construction Sand And Gravel
WYR320420,,,1442,Construction Sand And Gravel
WYR320422,,,1442,Construction Sand And Gravel
WYR320424,,,1442,Construction Sand And Gravel
WYR320426,,,1442,Construction Sand And Gravel
WYR320427,,,1442,Construction Sand And Gravel
WYR320429,,,1442,Construction Sand And Gravel
WYR320431,,,1442,Construction Sand And Gravel
WYR320434,,,1442,Construction Sand And Gravel
WYR320435,,,1442,Construction Sand And Gravel
WYR320443,,,1442,Construction Sand And Gravel
WYR320444,,,1442,Construction Sand And Gravel
WYR320445,,,1442,Construction Sand And Gravel
WYR320450,,,1442,Construction Sand And Gravel
WYR320451,,,1442,Construction Sand And Gravel
WYR320452,,,1422,Crushed And Broken Limestone
WYR320453,,,1442,Construction Sand And Gravel
WYR320456,,,1442,Construction Sand And Gravel
WYR320458,,,1423,Crushed And Broken Granite
WYR320459,,,1429,Crushed And Broken Stone
WYR320460,,,1442,Construction Sand And Gravel
WYR320463,,,1442,Construction Sand And Gravel
WYR320464,,,1442,Construction Sand And Gravel
WYR320466,,,1442,Construction Sand And Gravel
WYR320473,,,1442,Construction Sand And Gravel
WYR320474,,,1442,Construction Sand And Gravel
WYR320475,,,1442,Construction Sand And Gravel
WYR320477,,,1442,Construction Sand And Gravel
WYR320479,,,1442,Construction Sand And Gravel
WYR320480,,,1442,Construction Sand And Gravel
WYR320481,,,1429,Crushed And Broken Stone
WYR320482,,,1429,Crushed And Broken Stone
WYR320484,,,1442,Construction Sand And Gravel
WYR320485,,,1442,Construction Sand And Gravel
WYR320486,,,1442,Construction Sand And Gravel
WYR320487,,,1442,Construction Sand And Gravel
WYR320488,,,1442,Construction Sand And Gravel
WYR320489,,,1442,Construction Sand And Gravel
WYR320490,,,1442,Construction Sand And Gravel
WYR320491,,,1442,Construction Sand And Gravel
WYR320492,,,1442,Construction Sand And Gravel
WYR320493,,,1442,Construction Sand And Gravel
WYR320494,,,1442,Construction Sand And Gravel
WYR320495,,,1442,Construction Sand And Gravel
WYR320496,,,1442,Construction Sand And Gravel
WYR320497,,,1442,Construction Sand And Gravel
WYR320498,,,1442,Construction Sand And Gravel
WYR320500,,,1422,Crushed And Broken Limestone
WYR320501,,,1442,Construction Sand And Gravel
WYR320502,,,1442,Construction Sand And Gravel
WYR320503,,,1442,Construction Sand And Gravel
WYR320506,,,1422,Crushed And Broken Limestone
WYR320507,,,1442,Construction Sand And Gravel
WYR320508,,,1442,Construction Sand And Gravel
WYR320509,,,1442,Construction Sand And Gravel
WYR320510,,,1442,Construction Sand And Gravel
WYR320512,,,1442,Construction Sand And Gravel
WYR320515,,,1499,Miscellaneous Nonmetallic Minerals
WYR320516,,,1442,Construction Sand And Gravel
WYR320521,,,1429,Crushed And Broken Stone
WYR320522,,,1442,Construction Sand And Gravel
WYR320523,,,1442,Construction Sand And Gravel
WYR320524,,,1442,Construction Sand And Gravel
WYR320526,,,1442,Construction Sand And Gravel
WYR320529,,,1442,Construction Sand And Gravel
WYR320530,,,1442,Construction Sand And Gravel
WYR320531,,,1442,Construction Sand And Gravel
WYR320532,,,1442,Construction Sand And Gravel
WYR320533,,,1442,Construction Sand And Gravel
WYR320535,,,1442,Construction Sand And Gravel
WYR320536,,,1442,Construction Sand And Gravel
WYR320539,,,1442,Construction Sand And Gravel
WYR320541,,,1499,Miscellaneous Nonmetallic Minerals
WYR320542,,,1442,Construction Sand And Gravel
WYR320543,,,1446,Industrial Sand
WYR320545,,,1442,Construction Sand And Gravel
WYR320546,,,1442,Construction Sand And Gravel
WYR320547,,,1442,Construction Sand And Gravel
WYR320550,,,1442,Construction Sand And Gravel
WYR320553,,,1429,Crushed And Broken Stone
WYR320554,,,1429,Crushed And Broken Stone
WYR320556,,,1442,Construction Sand And Gravel
WYR320557,,,1442,Construction Sand And Gravel
WYR320558,,,1442,Construction Sand And Gravel
WYR320559,,,1442,Construction Sand And Gravel
WYR320561,,,1442,Construction Sand And Gravel
WYR320562,,,1442,Construction Sand And Gravel
WYR320563,,,1442,Construction Sand And Gravel
WYR320564,,,1442,Construction Sand And Gravel
WYR320565,,,1442,Construction Sand And Gravel
WYR320566,,,1442,Construction Sand And Gravel
WYR320567,,,1442,Construction Sand And Gravel
WYR320568,,,1442,Construction Sand And Gravel
WYR320569,,,1442,Construction Sand And Gravel
WYR320573,,,1442,Construction Sand And Gravel
WYR320574,,,1422,Crushed And Broken Limestone
WYR320575,,,1442,Construction Sand And Gravel
WYR320578,,,1429,Crushed And Broken Stone
WYR320582,,,1429,Crushed And Broken Stone
WYR320583,,,1442,Construction Sand And Gravel
WYR320584,,,1442,Construction Sand And Gravel
WYR320585,,,1442,Construction Sand And Gravel
WYR320586,,,1442,Construction Sand And Gravel
WYR320587,,,1442,Construction Sand And Gravel
WYR320590,,,1442,Construction Sand And Gravel
WYR320591,,,1423,Crushed And Broken Granite
WYR320592,,,1442,Construction Sand And Gravel
WYR320593,,,1442,Construction Sand And Gravel
WYR320596,,,1442,Construction Sand And Gravel
WYR320597,,,1442,Construction Sand And Gravel
WYR320599,,,1442,Construction Sand And Gravel
WYR320600,,,1442,Construction Sand And Gravel
WYR320601,,,1442,Construction Sand And Gravel
WYR320603,,,1442,Construction Sand And Gravel
WYR320604,,,1442,Construction Sand And Gravel
WYR320605,,,1459,Clay And Related Minerals
WYR320606,,,1442,Construction Sand And Gravel
WYR320608,,,1442,Construction Sand And Gravel
WYR320609,,,1442,Construction Sand And Gravel
WYR320610,,,1442,Construction Sand And Gravel
WYR320611,,,1442,Construction Sand And Gravel
WYR320612,,,1442,Construction Sand And Gravel
WYR320613,,,1499,Miscellaneous Nonmetallic Minerals
WYR320614,,,1442,Construction Sand And Gravel
WYR320615,,,1442,Construction Sand And Gravel
WYR320616,,,1442,Construction Sand And Gravel
WYR320617,,,1442,Construction Sand And Gravel
WYR320618,,,1442,Construction Sand And Gravel
WYR320620,,,1442,Construction Sand And Gravel
WYR320621,,,1442,Construction Sand And Gravel
WYR320622,,,1442,Construction Sand And Gravel
WYR320623,,,1442,Construction Sand And Gravel
WYR320626,,,1442,Construction Sand And Gravel
WYR320628,,,1442,Construction Sand And Gravel
WYR320630,,,1442,Construction Sand And Gravel
WYR320631,,,1442,Construction Sand And Gravel
WYR320632,,,1459,Clay And Related Minerals
WYR320633,,,1499,Miscellaneous Nonmetallic Minerals
WYR320634,,,1442,Construction Sand And Gravel
WYR320635,,,1442,Construction Sand And Gravel
WYR320636,,,1422,Crushed And Broken Limestone
WYR320644,,,1442,Construction Sand And Gravel
WYR320645,,,1442,Construction Sand And Gravel
WYR320646,,,1442,Construction Sand And Gravel
WYR320647,,,1442,Construction Sand And Gravel
WYR320648,,,1442,Construction Sand And Gravel
WYR320649,,,1442,Construction Sand And Gravel
WYR320651,,,1442,Construction Sand And Gravel
WYR320652,,,1442,Construction Sand And Gravel
WYR320653,,,1442,Construction Sand And Gravel
WYR320655,,,1442,Construction Sand And Gravel
WYR320657,,,1459,Clay And Related Minerals
WYR320658,,,1442,Construction Sand And Gravel
WYR320659,,,1442,Construction Sand And Gravel
WYR320660,,,1499,Miscellaneous Nonmetallic Minerals
WYR320663,,,1442,Construction Sand And Gravel
WYR320664,,,1442,Construction Sand And Gravel
WYR320665,,,1442,Construction Sand And Gravel
WYR320666,,,1442,Construction Sand And Gravel
WYR320668,,,1442,Construction Sand And Gravel
WYR320670,,,1442,Construction Sand And Gravel
WYR320671,,,1442,Construction Sand And Gravel
WYR320672,,,1442,Construction Sand And Gravel
WYR320674,,,1411,Dimension Stone
WYR320675,,,1442,Construction Sand And Gravel
WYR320677,,,1442,Construction Sand And Gravel
WYR320679,,,1442,Construction Sand And Gravel
WYR320680,,,1442,Construction Sand And Gravel
WYR320681,,,1442,Construction Sand And Gravel
WYR320682,,,1442,Construction Sand And Gravel
WYR320683,,,1442,Construction Sand And Gravel
WYR320684,,,1442,Construction Sand And Gravel
WYR320685,,,1422,Crushed And Broken Limestone
WYR320686,,,1442,Construction Sand And Gravel
WYR320687,,,1442,Construction Sand And Gravel
WYR320688,,,1442,Construction Sand And Gravel
WYR320689,,,1442,Construction Sand And Gravel
WYR320690,,,1442,Construction Sand And Gravel
WYR320691,,,1442,Construction Sand And Gravel
WYR320692,,,1442,Construction Sand And Gravel
WYR320693,,,1442,Construction Sand And Gravel
WYR320695,,,1442,Construction Sand And Gravel
WYR320696,,,1442,Construction Sand And Gravel
WYR320697,,,1442,Construction Sand And Gravel
WYR320701,,,1442,Construction Sand And Gravel
WYR320702,,,1442,Construction Sand And Gravel
WYR320703,,,1442,Construction Sand And Gravel
WYR320705,,,1442,Construction Sand And Gravel
WYR320706,,,1459,Clay And Related Minerals
WYR320707,,,1442,Construction Sand And Gravel
WYR320708,,,1442,Construction Sand And Gravel
WYR320709,,,1499,Miscellaneous Nonmetallic Minerals
WYR320710,,,1422,Crushed And Broken Limestone
WYR320711,,,1459,Clay And Related Minerals
WYR320712,,,1422,Crushed And Broken Limestone
WYR320713,,,1442,Construction Sand And Gravel
WYR320714,,,1499,Miscellaneous Nonmetallic Minerals
WYR320715,,,1442,Construction Sand And Gravel
WYR320716,,,1442,Construction Sand And Gravel
WYR320717,,,1442,Construction Sand And Gravel
WYR320718,,,1442,Construction Sand And Gravel
WYR320719,,,1422,Crushed And Broken Limestone
WYR320720,,,1442,Construction Sand And Gravel
WYR320721,,,1442,Construction Sand And Gravel
WYR320723,,,1442,Construction Sand And Gravel
WYR320725,,,1442,Construction Sand And Gravel
WYR320726,,,1442,Construction Sand And Gravel
WYR320728,,,1422,Crushed And Broken Limestone
WYR320729,,,1459,Clay And Related Minerals
WYR320730,,,1442,Construction Sand And Gravel
WYR320731,,,1442,Construction Sand And Gravel
WYR320732,,,1442,Construction Sand And Gravel
WYR320734,,,1411,Dimension Stone
WYR320735,,,1442,Construction Sand And Gravel
WYR320736,,,1442,Construction Sand And Gravel
WYR320737,,,1442,Construction Sand And Gravel
WYR320738,,,1442,Construction Sand And Gravel
WYR320739,,,1442,Construction Sand And Gravel
WYR320740,,,1499,Miscellaneous Nonmetallic Minerals
WYR320741,,,1442,Construction Sand And Gravel
WYR320742,,,1442,Construction Sand And Gravel
WYR320743,,,1459,Clay And Related Minerals
WYR320744,,,1442,Construction Sand And Gravel
WYR320745,,,1442,Construction Sand And Gravel
WYR320746,,,1442,Construction Sand And Gravel
WYR320747,,,1442,Construction Sand And Gravel
WYR320748,,,1442,Construction Sand And Gravel
WYR320749,,,1442,Construction Sand And Gravel
WYR320750,,,1442,Construction Sand And Gravel
WYR320752,,,1442,Construction Sand And Gravel
WYR320753,,,1442,Construction Sand And Gravel
WYR320754,,,1442,Construction Sand And Gravel
WYR320755,,,1442,Construction Sand And Gravel
WYR320756,,,1442,Construction Sand And Gravel
WYR320757,,,1442,Construction Sand And Gravel
WYR320758,,,1442,Construction Sand And Gravel
WYR320759,,,1442,Construction Sand And Gravel
WYR320760,,,1422,Crushed And Broken Limestone
WYR320761,,,1411,Dimension Stone
WYR320762,,,1422,Crushed And Broken Limestone
WYR320763,,,1442,Construction Sand And Gravel
WYR320765,,,1422,Crushed And Broken Limestone
WYR320766,,,1422,Crushed And Broken Limestone
WYR320767,,,1442,Construction Sand And Gravel
WYR320771,,,1442,Construction Sand And Gravel
WYR320772,,,1442,Construction Sand And Gravel
WYR320773,,,1442,Construction Sand And Gravel
WYR320776,,,1499,Miscellaneous Nonmetallic Minerals
WYR320777,,,1499,Miscellaneous Nonmetallic Minerals
WYR320778,,,1442,Construction Sand And Gravel
WYR320779,,,1442,Construction Sand And Gravel
WYR320780,,,1442,Construction Sand And Gravel
WYR320782,,,1459,Clay And Related Minerals
WYR320783,,,1442,Construction Sand And Gravel
WYR320785,,,1442,Construction Sand And Gravel
WYR320786,,,1442,Construction Sand And Gravel
WYR320787,,,1442,Construction Sand And Gravel
WYR320788,,,1442,Construction Sand And Gravel
WYR320790,,,1442,Construction Sand And Gravel
WYR320791,,,1442,Construction Sand And Gravel
WYR320792,,,1442,Construction Sand And Gravel
WYR320793,,,1442,Construction Sand And Gravel
WYR320794,,,1499,Miscellaneous Nonmetallic Minerals
WYR320795,,,1442,Construction Sand And Gravel
WYR320797,,,1423,Crushed And Broken Granite
WYR320799,,,1429,Crushed And Broken Stone
WYR320800,,,1442,Construction Sand And Gravel
WYR320801,,,1422,Crushed And Broken Limestone
WYR320802,,,1422,Crushed And Broken Limestone
WYR320803,,,1442,Construction Sand And Gravel
WYR320804,,,1442,Construction Sand And Gravel
WYR320805,,,1442,Construction Sand And Gravel
WYR320806,,,1422,Crushed And Broken Limestone
WYR320807,,,1422,Crushed And Broken Limestone
WYR320809,,,1442,Construction Sand And Gravel
WYR320810,,,1442,Construction Sand And Gravel
WYR320811,,,1442,Construction Sand And Gravel
WYR320812,,,1442,Construction Sand And Gravel
WYR320813,,,1442,Construction Sand And Gravel
WYR320814,,,1442,Construction Sand And Gravel
WYR320815,,,1442,Construction Sand And Gravel
WYR320816,,,1442,Construction Sand And Gravel
WYR320817,,,1442,Construction Sand And Gravel
WYR320818,,,1442,Construction Sand And Gravel
WYR320819,,,1442,Construction Sand And Gravel
WYR320820,,,1442,Construction Sand And Gravel
WYR320821,,,1422,Crushed And Broken Limestone
WYR320822,,,1442,Construction Sand And Gravel
WYR320823,,,1442,Construction Sand And Gravel
WYR320824,,,1442,Construction Sand And Gravel
WYR320825,,,1442,Construction Sand And Gravel
WYR320826,,,1442,Construction Sand And Gravel
WYR320827,,,1442,Construction Sand And Gravel
WYR320828,,,1411,Dimension Stone
WYR320829,,,1442,Construction Sand And Gravel
WYR320830,,,1442,Construction Sand And Gravel
WYR320831,,,1429,Crushed And Broken Stone
WYR320832,,,1459,Clay And Related Minerals
WYR320833,,,1442,Construction Sand And Gravel
WYR320834,,,1442,Construction Sand And Gravel
WYR320835,,,1429,Crushed And Broken Stone
WYR320836,,,1442,Construction Sand And Gravel
WYR320837,,,1411,Dimension Stone
WYR320838,,,1442,Construction Sand And Gravel
WYR320839,,,1442,Construction Sand And Gravel
WYR320840,,,1429,Crushed And Broken Stone
WYR320841,,,1429,Crushed And Broken Stone
WYR320842,,,1442,Construction Sand And Gravel
WYR320843,,,1422,Crushed And Broken Limestone
WYR320844,,,1442,Construction Sand And Gravel
WYR320845,,,1442,Construction Sand And Gravel
WYR320846,,,1442,Construction Sand And Gravel
WYR320847,,,1442,Construction Sand And Gravel
WYR320848,,,1423,Crushed And Broken Granite
WYR320849,,,1459,Clay And Related Minerals
WYR320850,,,1459,Clay And Related Minerals
WYR320851,,,1442,Construction Sand And Gravel
WYR320852,,,1442,Construction Sand And Gravel
WYR320853,,,1459,Clay And Related Minerals
WYR320854,,,1442,Construction Sand And Gravel
WYR320855,,,1442,Construction Sand And Gravel
WYR320856,,,1442,Construction Sand And Gravel
WYR320857,,,1442,Construction Sand And Gravel
WYR320858,,,1442,Construction Sand And Gravel
WYR320859,,,1442,Construction Sand And Gravel
WYR320860,,,1442,Construction Sand And Gravel
WYR320861,,,1442,Construction Sand And Gravel
WYR320862,,,1442,Construction Sand And Gravel
WYR320863,,,1442,Construction Sand And Gravel
WYR320864,,,1442,Construction Sand And Gravel
WYR320865,,,1442,Construction Sand And Gravel
WYR320866,,,1442,Construction Sand And Gravel
WYR320867,,,1442,Construction Sand And Gravel
WYR320868,,,1442,Construction Sand And Gravel
WYR320869,,,1442,Construction Sand And Gravel
WYR320870,,,1429,Crushed And Broken Stone
WYR320871,,,1429,Crushed And Broken Stone
WYR320872,,,1429,Crushed And Broken Stone
WYR320873,,,1429,Crushed And Broken Stone
WYR320874,,,1429,Crushed And Broken Stone
WYR320875,,,1422,Crushed And Broken Limestone
WYR320876,,,1429,Crushed And Broken Stone
WYR320877,,,1429,Crushed And Broken Stone
WYR320878,,,1442,Construction Sand And Gravel
WYR320879,,,1429,Crushed And Broken Stone
WYR320880,,,1429,Crushed And Broken Stone
WYR320881,,,1429,Crushed And Broken Stone
WYR320882,,,1429,Crushed And Broken Stone
WYR320885,,,1442,Construction Sand And Gravel
WYR320886,,,1422,Crushed And Broken Limestone
WYR320887,,,1499,Miscellaneous Nonmetallic Minerals
WYR320888,,,1442,Construction Sand And Gravel
WYR320889,,,1442,Construction Sand And Gravel
WYR320890,,,1411,Dimension Stone
WYR320891,,,1459,Clay And Related Minerals
WYR320892,,,1411,Dimension Stone
WYR320893,,,1411,Dimension Stone
WYR320894,,,1442,Construction Sand And Gravel
WYR320895,,,1423,Crushed And Broken Granite
WYR320896,,,1442,Construction Sand And Gravel
WYR320897,,,1411,Dimension Stone
WYR320898,,,1442,Construction Sand And Gravel
WYR320899,,,1499,Miscellaneous Nonmetallic Minerals
WYR320900,,,1442,Construction Sand And Gravel
WYR320901,,,1442,Construction Sand And Gravel
WYR320902,,,1442,Construction Sand And Gravel
WYR320903,,,1429,Crushed And Broken Stone
WYR320904,,,1422,Crushed And Broken Limestone
WYR320905,,,1442,Construction Sand And Gravel
WYR320906,,,1429,Crushed And Broken Stone
WYR320907,,,1429,Crushed And Broken Stone
WYR320908,,,1442,Construction Sand And Gravel
WYR320909,,,1442,Construction Sand And Gravel
WYR320910,,,1429,Crushed And Broken Stone
WYR320911,,,1442,Construction Sand And Gravel
WYR320912,,,1442,Construction Sand And Gravel
WYR320913,,,1429,Crushed And Broken Stone
WYR320914,,,1442,Construction Sand And Gravel
WYR320915,,,1442,Construction Sand And Gravel
WYR320916,,,1442,Construction Sand And Gravel
WYR320917,,,1442,Construction Sand And Gravel
WYR320918,,,1442,Construction Sand And Gravel
WYR320919,,,1611,Highway And Street Construction
WYR320920,,,1459,Clay And Related Minerals
WYR320921,,,1459,Clay And Related Minerals
WYR320922,,,1442,Construction Sand And Gravel
WYR320924,,,1474,"Potash, Soda, And Borate Minerals"
WYR320925,,,1442,Construction Sand And Gravel
WYR320926,,,1442,Construction Sand And Gravel
WYR320927,,,1499,Miscellaneous Nonmetallic Minerals
WYR320928,,,1446,Industrial Sand
WYR320929,,,1442,Construction Sand And Gravel
WYR320930,,,1422,Crushed And Broken Limestone
WYR320931,,,1442,Construction Sand And Gravel
WYR320932,,,1442,Construction Sand And Gravel
WYR320933,,,1442,Construction Sand And Gravel
WYR320934,,,1442,Construction Sand And Gravel
WYR320935,,,1442,Construction Sand And Gravel
WYR320936,,,1442,Construction Sand And Gravel
WYR320937,,,1442,Construction Sand And Gravel
WYR320938,,,1442,Construction Sand And Gravel
WYR320939,,,1442,Construction Sand And Gravel
WYR320940,,,1442,Construction Sand And Gravel
WYR320941,,,1442,Construction Sand And Gravel
WYR320942,,,1442,Construction Sand And Gravel
WYR320943,,,1499,Miscellaneous Nonmetallic Minerals
WYR320944,,,1442,Construction Sand And Gravel
WYR320945,,,1442,Construction Sand And Gravel
WYR320946,,,1499,Miscellaneous Nonmetallic Minerals
WYR320947,,,1442,Construction Sand And Gravel
WYR320948,,,1442,Construction Sand And Gravel
WYR320949,,,1446,Industrial Sand
WYR320950,,,1442,Construction Sand And Gravel
WYR320952,,,1446,Industrial Sand
WYR320953,,,1442,Construction Sand And Gravel
WYR320954,,,1442,Construction Sand And Gravel
WYR320955,,,1442,Construction Sand And Gravel
WYR320956,,,1442,Construction Sand And Gravel
WYR320957,,,1442,Construction Sand And Gravel
WYR320958,,,1442,Construction Sand And Gravel
WYR320959,,,1442,Construction Sand And Gravel
WYR320960,,,1446,Industrial Sand
WYR320961,,,1442,Construction Sand And Gravel
WYR320962,,,1442,Construction Sand And Gravel
WYR320963,,,1442,Construction Sand And Gravel
WYR320964,,,1442,Construction Sand And Gravel
WYR320965,,,1442,Construction Sand And Gravel
WYR320966,,,1446,Industrial Sand
WYR320967,,,2951,Asphalt Paving Mixtures And Blocks
WYR320968,,,1442,Construction Sand And Gravel
WYR320969,,,1442,Construction Sand And Gravel
WYR320970,,,1442,Construction Sand And Gravel
WYR320971,,,1442,Construction Sand And Gravel
WYR320972,212321,Construction Sand and Gravel Mining,1442,Construction Sand And Gravel
WYR320973,,,1499,Miscellaneous Nonmetallic Minerals
WYR320974,,,1423,Crushed And Broken Granite
WYR320975,,,1442,Construction Sand And Gravel
WYR320976,,,1442,Construction Sand And Gravel
WYR320977,,,1422,Crushed And Broken Limestone
WYR320978,,,1446,Industrial Sand
WYR320979,,,1442,Construction Sand And Gravel
WYR320980,,,1442,Construction Sand And Gravel
WYR320981,,,1423,Crushed And Broken Granite
WYR320982,,,1474,"Potash, Soda, And Borate Minerals"
WYR321010,,,1442,Construction Sand And Gravel
WYR321011,,,1423,Crushed And Broken Granite
WYR321012,,,1422,Crushed And Broken Limestone
WYR321013,,,1442,Construction Sand And Gravel
WYR321014,,,1442,Construction Sand And Gravel
WYR321015,,,1442,Construction Sand And Gravel
WYR321016,,,1442,Construction Sand And Gravel
WYR321017,,,1422,Crushed And Broken Limestone
WYR321018,,,1442,Construction Sand And Gravel
WYR321019,,,1481,Nonmetallic Minerals Services
WYR321021,,,1442,Construction Sand And Gravel
WYR321022,,,1442,Construction Sand And Gravel
WYR321023,,,1422,Crushed And Broken Limestone
WYS000002,,,4581,"Airports, Flying Fields, & Services"
WYS000004,,,1429,Crushed And Broken Stone
WYS000009,,,1442,Construction Sand And Gravel
WYS000014,,,2911,Petroleum Refining
WYS000015,,,1442,Construction Sand And Gravel
WYS000018,,,2911,Petroleum Refining
WYS000020,,,4581,"Airports, Flying Fields, & Services"
WYU000077,,,1311,Crude Petroleum And Natural Gas
WYU000093,,,1311,Crude Petroleum And Natural Gas
WYU000100,,,1382,Oil And Gas Exploration Services
WYU000101,,,4959,Sanitary Services
WYU000102,,,2711,Newspapers
WYU000103,,,4952,Sewerage Systems
WYU000104,,,4952,Sewerage Systems
WYU000105,,,1389,Oil And Gas Field Services
WYU000106,,,7359,Equipment Rental & Leasing
WYU000107,,,7359,Equipment Rental & Leasing
WYU000108,,,3624,Carbon And Graphite Products
WYU000109,,,7699,Repair Services
WYU000110,,,1541,Industrial Buildings And Warehouses
WYU000111,,,7359,Equipment Rental & Leasing
WYU000112,,,3111,Leather Tanning And Finishing
WYU000113,,,3273,Ready-Mixed Concrete
WYU000114,,,3273,Ready-Mixed Concrete
WYU000115,,,2842,Polishes And Sanitation Goods
